CREATE DATABASE  IF NOT EXISTS `rsus` /*!40100 DEFAULT CHARACTER SET utf8 */;
USE `rsus`;
-- MySQL dump 10.13  Distrib 5.6.13, for Win32 (x86)
--
-- Host: 127.0.0.1    Database: rsus
-- ------------------------------------------------------
-- Server version	5.6.15

/*!40101 SET @OLD_CHARACTER_SET_CLIENT=@@CHARACTER_SET_CLIENT */;
/*!40101 SET @OLD_CHARACTER_SET_RESULTS=@@CHARACTER_SET_RESULTS */;
/*!40101 SET @OLD_COLLATION_CONNECTION=@@COLLATION_CONNECTION */;
/*!40101 SET NAMES utf8 */;
/*!40103 SET @OLD_TIME_ZONE=@@TIME_ZONE */;
/*!40103 SET TIME_ZONE='+00:00' */;
/*!40014 SET @OLD_UNIQUE_CHECKS=@@UNIQUE_CHECKS, UNIQUE_CHECKS=0 */;
/*!40014 SET @OLD_FOREIGN_KEY_CHECKS=@@FOREIGN_KEY_CHECKS, FOREIGN_KEY_CHECKS=0 */;
/*!40101 SET @OLD_SQL_MODE=@@SQL_MODE, SQL_MODE='NO_AUTO_VALUE_ON_ZERO' */;
/*!40111 SET @OLD_SQL_NOTES=@@SQL_NOTES, SQL_NOTES=0 */;

--
-- Table structure for table `category`
--

DROP TABLE IF EXISTS `category`;
/*!40101 SET @saved_cs_client     = @@character_set_client */;
/*!40101 SET character_set_client = utf8 */;
CREATE TABLE `category` (
  `idcategory` int(11) NOT NULL AUTO_INCREMENT,
  `category_name` varchar(45) NOT NULL,
  PRIMARY KEY (`idcategory`),
  UNIQUE KEY `category_name_UNIQUE` (`category_name`)
) ENGINE=InnoDB AUTO_INCREMENT=39 DEFAULT CHARSET=utf8;
/*!40101 SET character_set_client = @saved_cs_client */;

--
-- Dumping data for table `category`
--

LOCK TABLES `category` WRITE;
/*!40000 ALTER TABLE `category` DISABLE KEYS */;
INSERT INTO `category` VALUES (32,'HTML1'),(34,'HTTP'),(35,'RAUSUS'),(33,'SOAP'),(36,'STROJNO'),(38,'USIS');
/*!40000 ALTER TABLE `category` ENABLE KEYS */;
UNLOCK TABLES;

--
-- Table structure for table `chosen_answer`
--

DROP TABLE IF EXISTS `chosen_answer`;
/*!40101 SET @saved_cs_client     = @@character_set_client */;
/*!40101 SET character_set_client = utf8 */;
CREATE TABLE `chosen_answer` (
  `idchosen_answer` int(11) NOT NULL AUTO_INCREMENT,
  `text_answer` varchar(45) DEFAULT NULL,
  `idquiz` int(11) NOT NULL,
  `idquestion` int(11) NOT NULL,
  PRIMARY KEY (`idchosen_answer`),
  KEY `fk_chosen_answer_on_question_in_quiz_quiz1_idx` (`idquiz`),
  KEY `fk_chosen_answer_on_question_in_quiz_question1_idx` (`idquestion`),
  CONSTRAINT `fk_chosen_answer_on_question_in_quiz_question1` FOREIGN KEY (`idquestion`) REFERENCES `question` (`idquestion`) ON DELETE NO ACTION ON UPDATE NO ACTION,
  CONSTRAINT `fk_chosen_answer_on_question_in_quiz_quiz1` FOREIGN KEY (`idquiz`) REFERENCES `quiz` (`idquiz`) ON DELETE NO ACTION ON UPDATE NO ACTION
) ENGINE=InnoDB AUTO_INCREMENT=146 DEFAULT CHARSET=utf8;
/*!40101 SET character_set_client = @saved_cs_client */;

--
-- Dumping data for table `chosen_answer`
--

LOCK TABLES `chosen_answer` WRITE;
/*!40000 ALTER TABLE `chosen_answer` DISABLE KEYS */;
INSERT INTO `chosen_answer` VALUES (117,'netoca2',8,40),(118,'Protokol',8,41),(119,'Äajko',8,42),(120,'tocan1',8,40),(121,'Jezik',8,41),(122,'Smrecki',8,42),(123,'netoca1',8,40),(124,'Repozitorij',8,41),(125,'Matija',8,42),(126,'Matija',9,43),(127,'fas',9,45),(128,'bsab',9,46),(129,'LALAL',9,47),(130,'Äajko',9,43),(131,'Protokol',9,45),(132,'bsbab',9,46),(133,'dasdasd',9,47),(134,'Smrecki',9,43),(135,'fsaf',9,45),(136,'bsab',9,46),(137,'cscsca',9,47),(138,'netoca2',10,40),(139,'Repozitorij',10,41),(140,'Matija',10,42),(141,'Matija',10,43),(142,'netoca1',10,40),(143,'log(n)',10,41),(144,'Smrecki',10,42),(145,'Smrecki',10,43);
/*!40000 ALTER TABLE `chosen_answer` ENABLE KEYS */;
UNLOCK TABLES;

--
-- Table structure for table `correct_answer`
--

DROP TABLE IF EXISTS `correct_answer`;
/*!40101 SET @saved_cs_client     = @@character_set_client */;
/*!40101 SET character_set_client = utf8 */;
CREATE TABLE `correct_answer` (
  `idcorrect_answers` int(11) NOT NULL AUTO_INCREMENT,
  `text_answer` varchar(45) NOT NULL,
  `idquestion` int(11) NOT NULL,
  PRIMARY KEY (`idcorrect_answers`),
  KEY `fk_corect_answers_question1_idx` (`idquestion`),
  CONSTRAINT `fk_corect_answers_question1` FOREIGN KEY (`idquestion`) REFERENCES `question` (`idquestion`) ON DELETE NO ACTION ON UPDATE NO ACTION
) ENGINE=InnoDB AUTO_INCREMENT=10 DEFAULT CHARSET=utf8;
/*!40101 SET character_set_client = @saved_cs_client */;

--
-- Dumping data for table `correct_answer`
--

LOCK TABLES `correct_answer` WRITE;
/*!40000 ALTER TABLE `correct_answer` DISABLE KEYS */;
INSERT INTO `correct_answer` VALUES (1,'tocan1',40),(2,'tocan2',40),(3,'Jezik',41),(4,'Äajko',42),(5,'Damjan',43),(6,'cetiri',44),(7,'Protokol',45),(8,'bsbab',46),(9,'Damjan',47);
/*!40000 ALTER TABLE `correct_answer` ENABLE KEYS */;
UNLOCK TABLES;

--
-- Table structure for table `incorrect_answers`
--

DROP TABLE IF EXISTS `incorrect_answers`;
/*!40101 SET @saved_cs_client     = @@character_set_client */;
/*!40101 SET character_set_client = utf8 */;
CREATE TABLE `incorrect_answers` (
  `idincorrect_answer` int(11) NOT NULL AUTO_INCREMENT,
  `text_answer` varchar(45) NOT NULL,
  `idquestion` int(11) NOT NULL,
  PRIMARY KEY (`idincorrect_answer`),
  KEY `fk_answer_question_idx` (`idquestion`),
  CONSTRAINT `fk_answer_question` FOREIGN KEY (`idquestion`) REFERENCES `question` (`idquestion`) ON DELETE NO ACTION ON UPDATE NO ACTION
) ENGINE=InnoDB AUTO_INCREMENT=21 DEFAULT CHARSET=utf8;
/*!40101 SET character_set_client = @saved_cs_client */;

--
-- Dumping data for table `incorrect_answers`
--

LOCK TABLES `incorrect_answers` WRITE;
/*!40000 ALTER TABLE `incorrect_answers` DISABLE KEYS */;
INSERT INTO `incorrect_answers` VALUES (1,'netoca2',40),(2,'netoca1',40),(3,'Protokol',41),(4,'Repozitorij',41),(5,'log(n)',41),(6,'Smrecki',42),(7,'Damjan',42),(8,'Matija',42),(9,'Äajko',43),(10,'Matija',43),(11,'Smrecki',43),(12,'pet',44),(13,'sest',44),(14,'sedam',44),(15,'Kon',45),(16,'fas',45),(17,'fsaf',45),(18,'sbabsa',46),(19,'bsab',46),(20,'bsaba',46);
/*!40000 ALTER TABLE `incorrect_answers` ENABLE KEYS */;
UNLOCK TABLES;

--
-- Table structure for table `professor`
--

DROP TABLE IF EXISTS `professor`;
/*!40101 SET @saved_cs_client     = @@character_set_client */;
/*!40101 SET character_set_client = utf8 */;
CREATE TABLE `professor` (
  `idprofessor` int(11) NOT NULL AUTO_INCREMENT,
  `first_name` varchar(45) NOT NULL,
  `surname` varchar(45) NOT NULL,
  `department` varchar(45) NOT NULL,
  `username` varchar(45) NOT NULL,
  `password` varchar(45) NOT NULL,
  PRIMARY KEY (`idprofessor`),
  UNIQUE KEY `username_UNIQUE` (`username`)
) ENGINE=InnoDB AUTO_INCREMENT=30 DEFAULT CHARSET=utf8;
/*!40101 SET character_set_client = @saved_cs_client */;

--
-- Dumping data for table `professor`
--

LOCK TABLES `professor` WRITE;
/*!40000 ALTER TABLE `professor` DISABLE KEYS */;
INSERT INTO `professor` VALUES (26,'fsafsa','fsafsa','fsafa','fsaf','fsaf'),(27,'drugi','drugi','drugi','drugi ','drugi'),(28,'gsdg','dgs','gsdg','iivic','iivic'),(29,'Filip','Cajko','ZEMRIS','filippm','123');
/*!40000 ALTER TABLE `professor` ENABLE KEYS */;
UNLOCK TABLES;

--
-- Table structure for table `professor_has_category`
--

DROP TABLE IF EXISTS `professor_has_category`;
/*!40101 SET @saved_cs_client     = @@character_set_client */;
/*!40101 SET character_set_client = utf8 */;
CREATE TABLE `professor_has_category` (
  `idcategory` int(11) NOT NULL,
  `idprofessor` int(11) NOT NULL,
  PRIMARY KEY (`idcategory`,`idprofessor`),
  KEY `fk_category_has_professor_professor1_idx` (`idprofessor`),
  KEY `fk_category_has_professor_category1_idx` (`idcategory`),
  CONSTRAINT `fk_category_has_professor_category1` FOREIGN KEY (`idcategory`) REFERENCES `category` (`idcategory`) ON DELETE NO ACTION ON UPDATE NO ACTION,
  CONSTRAINT `fk_category_has_professor_professor1` FOREIGN KEY (`idprofessor`) REFERENCES `professor` (`idprofessor`) ON DELETE NO ACTION ON UPDATE NO ACTION
) ENGINE=InnoDB DEFAULT CHARSET=utf8;
/*!40101 SET character_set_client = @saved_cs_client */;

--
-- Dumping data for table `professor_has_category`
--

LOCK TABLES `professor_has_category` WRITE;
/*!40000 ALTER TABLE `professor_has_category` DISABLE KEYS */;
INSERT INTO `professor_has_category` VALUES (32,26),(33,29),(34,29),(35,29),(36,29),(38,29);
/*!40000 ALTER TABLE `professor_has_category` ENABLE KEYS */;
UNLOCK TABLES;

--
-- Table structure for table `question`
--

DROP TABLE IF EXISTS `question`;
/*!40101 SET @saved_cs_client     = @@character_set_client */;
/*!40101 SET character_set_client = utf8 */;
CREATE TABLE `question` (
  `idquestion` int(11) NOT NULL AUTO_INCREMENT,
  `text_question` varchar(200) NOT NULL,
  `idprofessor` int(11) NOT NULL,
  `idcategory` int(11) NOT NULL,
  PRIMARY KEY (`idquestion`),
  KEY `fk_question_professor1_idx` (`idprofessor`),
  KEY `fk_question_category1_idx` (`idcategory`),
  CONSTRAINT `fk_question_category1` FOREIGN KEY (`idcategory`) REFERENCES `category` (`idcategory`) ON DELETE NO ACTION ON UPDATE NO ACTION,
  CONSTRAINT `fk_question_professor1` FOREIGN KEY (`idprofessor`) REFERENCES `professor` (`idprofessor`) ON DELETE NO ACTION ON UPDATE NO ACTION
) ENGINE=InnoDB AUTO_INCREMENT=48 DEFAULT CHARSET=utf8;
/*!40101 SET character_set_client = @saved_cs_client */;

--
-- Dumping data for table `question`
--

LOCK TABLES `question` WRITE;
/*!40000 ALTER TABLE `question` DISABLE KEYS */;
INSERT INTO `question` VALUES (40,'Provpitnrj',28,32),(41,'Å to je HTML?',28,32),(42,'Tko je usis?',28,32),(43,'Tko je najlakÅ¡i?',28,32),(44,'Koliko je sati?',28,32),(45,'Å to je SOAP?',28,32),(46,'bsbab',28,33),(47,'Najmaji mobitel ima _____ .',28,32);
/*!40000 ALTER TABLE `question` ENABLE KEYS */;
UNLOCK TABLES;

--
-- Table structure for table `quiz`
--

DROP TABLE IF EXISTS `quiz`;
/*!40101 SET @saved_cs_client     = @@character_set_client */;
/*!40101 SET character_set_client = utf8 */;
CREATE TABLE `quiz` (
  `idquiz` int(11) NOT NULL AUTO_INCREMENT,
  `quiz_name` varchar(45) NOT NULL,
  `idprofessor` int(11) NOT NULL,
  `idcategory` int(11) NOT NULL,
  `activated` bit(1) NOT NULL DEFAULT b'0',
  `code` varchar(45) NOT NULL DEFAULT '0',
  PRIMARY KEY (`idquiz`),
  KEY `fk_quiz_professor1_idx` (`idprofessor`),
  KEY `fk_quiz_category1_idx` (`idcategory`),
  CONSTRAINT `fk_quiz_category1` FOREIGN KEY (`idcategory`) REFERENCES `category` (`idcategory`) ON DELETE NO ACTION ON UPDATE NO ACTION,
  CONSTRAINT `fk_quiz_professor1` FOREIGN KEY (`idprofessor`) REFERENCES `professor` (`idprofessor`) ON DELETE NO ACTION ON UPDATE NO ACTION
) ENGINE=InnoDB AUTO_INCREMENT=11 DEFAULT CHARSET=utf8;
/*!40101 SET character_set_client = @saved_cs_client */;

--
-- Dumping data for table `quiz`
--

LOCK TABLES `quiz` WRITE;
/*!40000 ALTER TABLE `quiz` DISABLE KEYS */;
INSERT INTO `quiz` VALUES (8,'QuizPrvi',29,32,'\0','0'),(9,'QuizDrugi',29,35,'\0','0'),(10,'QuizTreci',29,36,'\0','0');
/*!40000 ALTER TABLE `quiz` ENABLE KEYS */;
UNLOCK TABLES;

--
-- Table structure for table `quiz_has_question`
--

DROP TABLE IF EXISTS `quiz_has_question`;
/*!40101 SET @saved_cs_client     = @@character_set_client */;
/*!40101 SET character_set_client = utf8 */;
CREATE TABLE `quiz_has_question` (
  `idquiz` int(11) NOT NULL,
  `idquestion` int(11) NOT NULL,
  PRIMARY KEY (`idquiz`,`idquestion`),
  KEY `fk_quiz_has_question_question1_idx` (`idquestion`),
  KEY `fk_quiz_has_question_quiz1_idx` (`idquiz`),
  CONSTRAINT `fk_quiz_has_question_question1` FOREIGN KEY (`idquestion`) REFERENCES `question` (`idquestion`) ON DELETE NO ACTION ON UPDATE NO ACTION,
  CONSTRAINT `fk_quiz_has_question_quiz1` FOREIGN KEY (`idquiz`) REFERENCES `quiz` (`idquiz`) ON DELETE NO ACTION ON UPDATE NO ACTION
) ENGINE=InnoDB DEFAULT CHARSET=utf8;
/*!40101 SET character_set_client = @saved_cs_client */;

--
-- Dumping data for table `quiz_has_question`
--

LOCK TABLES `quiz_has_question` WRITE;
/*!40000 ALTER TABLE `quiz_has_question` DISABLE KEYS */;
INSERT INTO `quiz_has_question` VALUES (8,40),(10,40),(8,41),(10,41),(8,42),(10,42),(9,43),(10,43),(9,45),(9,46),(9,47);
/*!40000 ALTER TABLE `quiz_has_question` ENABLE KEYS */;
UNLOCK TABLES;

--
-- Table structure for table `statistic_picture`
--

DROP TABLE IF EXISTS `statistic_picture`;
/*!40101 SET @saved_cs_client     = @@character_set_client */;
/*!40101 SET character_set_client = utf8 */;
CREATE TABLE `statistic_picture` (
  `idquestion` int(11) NOT NULL,
  `idquiz` int(11) NOT NULL,
  `picture` mediumblob,
  PRIMARY KEY (`idquestion`,`idquiz`),
  KEY `fk_statistic_picture_question1_idx` (`idquestion`),
  KEY `fk_statistic_picture_quiz1_idx` (`idquiz`),
  CONSTRAINT `fk_statistic_picture_question1` FOREIGN KEY (`idquestion`) REFERENCES `question` (`idquestion`) ON DELETE NO ACTION ON UPDATE NO ACTION,
  CONSTRAINT `fk_statistic_picture_quiz1` FOREIGN KEY (`idquiz`) REFERENCES `quiz` (`idquiz`) ON DELETE NO ACTION ON UPDATE NO ACTION
) ENGINE=InnoDB DEFAULT CHARSET=utf8;
/*!40101 SET character_set_client = @saved_cs_client */;

--
-- Dumping data for table `statistic_picture`
--

LOCK TABLES `statistic_picture` WRITE;
/*!40000 ALTER TABLE `statistic_picture` DISABLE KEYS */;
INSERT INTO `statistic_picture` VALUES (40,8,'PNG\r\n\Z\n\0\0\0\rIHDR\0\0X\0\0X\0\0\01\0\09IDATx\rPqrwLu&\\M2L&餗57\Z]mW(D/(#	!PB(]l8J6;\'.|?v}~_E\0\0\0!\0\0\0\0B\0\0!\0Xtŋ|\'x\"\"\"b``@¹sҖ-[f746}7GYͶ>~~Oɒ%Kz街_~ȑ#x:SRo.2owfmr<؂pOBH^z&\n}\'#.X/	Bxbi9|;v!]N9J_(X\\G||;.]&_{\'xB^j嗛|i&7os3>a\\lرcSԶ>_rܹ_:=G?w\r\r=lύzKLjrm۶[KGEE=c⧋zt_<?bƷB#1EJKuĔaM*ąv2ʒ_M3acc\"m)3>ۙ\'_Wy2ZK.5n?ŋg={d|qW$G\\(b&?gJQ\\77wK}Q{=?bƷBd2  ĉWinݟ9F%b}Bt``u\\C@˫;otɫ6}&u+CS`C-iio(ƤOŪTTJ/lrǍY{{P[)}*lWɷG(>+z<Čo9!$pGb\n)cnў^ŋ[Y2y5TLR&f=iGT>羷mJb2~hotKĿ-r!~ksFEKʛ.!~SL#D//fIKA\n===%\"ٖI3儐}5_f&gʒY?S܀Pfo۔~_Iש6O*?&ʻ~M<C3b\r4(|MȗuJiU^/hGBB|ٙayPQQ!m/~Rf0+8qBL֭[m¤8^Y(jMl>!5T$gț-P_By-[x$BH䭔6m\Z\'&;NJE[cǎɧ[s7E+55l>J7OTd[9!52_ݱyRi4*?\ZZiʇ$ VDDtDcLt]x>HI$̷ןn}EȻvrO,c-6Q&Em>\'_[޼lCj.g|ڃ>B9uca^Ƈ$ X%25((Dկ>5;A>B]&kf&rO닸JXmf}KGjLwHm֧<A!\Z=&?]4x;{IAa[zw,]Tyn|0=,&J#Z?Cg,Y\"z)}4-VY-[&=111F~y[mևpfߧ?x})*C:i]Hm!ʑ~9\rTzG}T#T8`gǓ,j[Ǔp5Ny!\'#!^!4~=OFB`,k/(ʍ_JǓ\0Y\r\0\0\\ZUUVWW\0uB\0\0!$\0\0BH\0\0!!\0BB\0 \0@\0 \0\0B\0\0!\0\0\0\0B\0\0!\0\0@\0 \0\0B\0\0!\0\0\0\0B\0\0!\0\0@\0 \0\0B\0\0!\0\0\0\0B\0\0!\0\0@\0 \0\0B\0\0!\0\0\0\0B\0\0!\0\0@\0 \0\0B\0\0!\0\0\0\0B\0\0!\0\0@\0 \0\0B\0\0!\0\0\0@	!\0B\0\0!$\0\0BH\0\0!!\0BB\0 \0\0B\0\0!\0\0\0\0B\0\0!\0\0@\0 \0\0B\0\0!\0\0\0\0B\0\0!\0\0@\0 \0\0B\0\0!\0\0\0\0B\0\0!\0\0@\0 \0\0B\0\0!\0\0\0\0B\0\0!\0\0@\0 \0\0B\0\0!\0\0\0\0B\0\0!\0\0@\0 \0\0B\0\0!\0\0\0\0B\0 \0@	!\0B\0\0!$\0\0BH\0\0!\0\0@\0 \0\0B\0\0!\0\0\0\0B\0\0!\0\0@\0 \0\0B\0\0!\0\0\0\0B\0\0!\0\0@\0 \0\0B\0\0!\0\0\0\0B\0\0!\0\0@\0 \0\0B\0\0!\0\0\0\0B\0\0!\0\0@\0 㙸5q?NZkP]Bu*\\un*#I$mw?LRggssoƍm뭯:|Z{XA!XEEVU3Pcc:3^#-\"74p(z}ʱ+)iy}뚯P``oh蹰0UTTKB*#C~}Gyy_cSZ=C{6nLSE#[#Wt{NxNW;B-爟_ppkllKzmg~ ioi}{sXuΕAA3˞Bh>&<=D##[RRZz\Z\Z>@[\'OŨb:.団k+WEڳܚ蹋<<͹mÝ_4!!q^<C\Z<ag774OA	!e(U%߂PzTuy<@	!8ydnknlslpoaC(˻WTee֎s)!!˻>yJqTf>:nk).yBX?G蟣Pܮ&_!hjL;&V=@655cׯ,!ΠI>{1Q]qq+WxFN[o&4sʇDDܲee] C5]5@OPaWll{UՍO>B8/o}Y?Pt4$йB(\rGgllmckB8ӗNMq}ByaKzz޽z!cѼ+1Bi=jUWs3CB`|a\"Z Ża1|JAyuQNkP\Z]uu<9AucFg;P\r?g)!0WNHnJ\ZrX[DBؙvR[.^ٽҕ!cgA }>~<V]88q B̊Fmt=B14dB`&.j/	tJox} mTԓ~ !Ƈ11l&!mgxw\'}B(UhBMܤBi3iu! 0ٮzt(!ƻ))<ASg&\\PB(Vl=x<!𵦞hwKۆKu5q!p[][]dw{VmC(ƕ۷bl pkbde&m+!cۻCIAr|\r_wPq/}:%ebb5PrLxz޼rBΓ\nBi=<\Zh!! !t\\MNNnlH	/7wll%Ion=͔O-j8!\\w<ԟɞؙ|Ω\0!=NVߠk׬ pogB[ۻehшvBhkoBEG1cwY\rkTYLp6C:q	Gծm^/H>\ZuvLM7yNp<!ωRR.^ȒB[S	}O.e!8s&\\M;>	ضn\'э\\d&s1FDVW4B8(ff&lB8wMԩS,k tD>>Kvg^mg1eݩvw\'\'0U¹	Yw5\'m\"ejI!pGf抑?XNծk[$Mg4mݺ)v:uSR?}\"9sj=;253S0\"#@	!!kLτp>e.BBHL??.\\ѿW9~oomg(!\\\rEEELGS=x_>S6~\"nEٷa?vʯrVE	Bm -KO߳g+p6ӑٳQAn\"EwϞ{Dc鍏?<OﾻUȑu\nK,޴)Z\'\nKjѽLwʯBx\\	\r\rW&}jb	BkyZ~xۢaBk<*&1,]m)`16vL\\s!t5B;gOt̙==o|{Io_o|AWg9v`0TVV^?.tE-ELƄpO_~xN\'g^^޶mR5BBTw?ɓvs[7N9eBw?x0yf;V?Q?Ye2D(ʣGZ||	ƌ{xr^ra7bfyΙt49y:4\Zl&Bv!X[os뫖y>*fB^#4&fa+b[(Jbbkx/3H:/lɒ忧ko?ȷK_%%ys҆ey˞|2;^淿|˖\'%8C(i\'|lBB8u9V7\'桟|_˔L||_񟂃srQ#$	Bh0*:*He_37y?k򅻕\\FC	!!$s=h,dfzMʧ_:4!qO?}rwAVVeeC)!$4EXXP\nDٹ(BCEfkB8Ck!\n\r		bˑfL1Ĭt|BW\'\'8!<zw)Vs\r!btw+\\UTT499PX8-Bʾq\' [b?V<M5ʟ}V:(cB!V\njC6bwZb$WT@feBck]VڵkXfAa?iK;Jh	㏷JYlAaOv;Bxѵ5yyy, ^m+S,!tQwgOCXxAa{oJWB,㦏ꜜ|&WB\\*%= ޞfVB\\O:+qT0x0B32JaKKK1!fndddU*TBDLaaa!ISK7s*!t1|yAVha{{;2!fB]r	:IJ!,))q\0!鎹lJw|#Z\rBe*%>J2Bt\"QBcϝx5BFݮ0Bxl\'O\\;j2Eִ4¢\"^Ϣ\rB\\vmujfPB\Z\n9d68~̟z{Kǎ~ r(MO!GAa\rm;	+}		nqBHq}}}ñ̝ЕƅUwձBB۲ f;J	!,1e2fMBzVBBii4lfMBz#<\\\n!ǎBBKZ[t~̚Kz\"ތBLkOLB\'Q,섐}w677BBvBM}vwBHBB辻	xBHBBֻ	X	!!\nU3%!t+9݄bj̔е8vBB+4\nfJB㣠 )&$mj	_fJB&˰Bگ4IaymAVBBlIalKMBO	!vle$0v+RKJJX	!!W4\Z̑ƙH!zzzG#	;ܻX	!!m>HBC!ܹs,L}ڻgPBB0;BwϠc\'ժk	gPBB*Լ6!tKoBB[̎\rO%Ǚ!!twZvS&fGB>{P.]b \r\\Hg=^e \rdk	+1	BBq̎}p@BN%$:;;u̎}[C!!twjېCX__$@	!!$}C(E&BH))EBn#?\'w%$_9>ƼHmdeI!\\v-\0!$B\r$@	!!$BBȘaXy,=7ݰh\r\0!$q^G`odJF/Ox`*ZyBB8Oc˗O**׌{y BB̷̋0<\'R3˂>\Z>>iڃI0BBmŹʴM+Wv!!9Iݡ<ls:GH	!!,3ǻR$$ˢ\"ήO7\\!$Cy˓g7lmJvof\"q˗pBB̡H]$S=O{I\Z04{#]Q},JjqחBB~+Ziy0뛆(!dߏP̎C/D)6	1!\0!$nhhhFfY8擸5_T3݁8mͣ>$k###63;Ңgfm	8o?Jbg(~3Mr!!twcccU]U̎3zSxxǂ߭Ulǯֱ[CBBvw1;47݁8-Qxm6[Fej*PO	!G݁	Is;5g_L\Zfؒ&p\0aafGkvFOO:AA2otؐ)ѣ\0iifG#ho/T_c1BB[p&v*7^݁6bF|\'@1e|Dww73\0!$ӓ?i2t^	;7RvV|6\03\0!$hJK#wFKNʨt݁֏e@P(Uy1kט!!-Nc;s;0eu٢\"ZӝQT\ZprrBܶ[9r#β;Ц}U	nEYz:/+C	!pŭϠVt݁66[⍓¬,9Lzkj:ScĔ?^*֏\\e]СC,+}}}ٚlwCSFD[<<Q[ֻk}\ZjPǲO	!j+*Ҵ>kb<=\'v3xrCQ)seB|`02_)m_zbʛ;ЦfNnqѫ\n7n`\'_se[㔫?fWlf|LaaB|=R麻\"\"ޡyi[B6MUF20BBS\Zwz\'nMPλ>>ioVޛ:DEomnnf\'	Pb&eWޤp68\\TRo#%#e@F	C\"n\n|w\n\Z HBHʻ	?T\rldvymyl&;8RBnBqڌ8\'i]_Zb穨XAN	!MXsֳ(r˼?[s4VOA+֗\ZBLdI[N;)ׇ~HŊ\rN|\r!!$7k$iv^\nH.]s@mx{%%3>YN%FAH	!,ֶ	NTWsvB+£V\'%6wtOlG)]F>\"#$mȷr]vq{{{Y	!!%DǜVR!$9)q+W;:\r\ZW0//obbŜBXqwѱ;\Zb2mJqo2N	!`A:;PܙLSGo+ى;VD8mZʴBBtFeJ^?inbMG.*hZpBHam;)CC?+8/T6H/_8ǋtBBkT0lYw8:ijND)=<{Zf&\Z\Z\Z*T4S;ƩӅ7M	7.;N6\rm\r;0t\\J~U#*BAq>O(KKc(!f=v\"vfԢ|t3uݱqu_Ux>P6s:]]WȎ?فnNʝE٭PW0??||\Z6;pg.&*	ϸdEN^,=GXk/k5΂{ٻw/3!fb```ӅMv\"T18;S,cV${ǡ޷YA1a_=_;wERYފ\'RDqL\nK δON>7}od*;1:)l&ɨT*dB̜^ߣ3S#qm^^X(c!BTUl7oTnv, Z?\Z?i)lT҆B\r=S,+&<=g&g!lMLLiy0BPRŪN&wNHW<lW&s%aBAk[kXwbMZL\Ze!!V~U?{Woa2 *kv6%(VUpv ^#:䂛ꎔA^B}ܼ:s7g&ݙ99:,--eu411mPP*#,=l\\8\\y8Z9W؂Ν;M3yش=˗뙩l+~RPKzYBؙYguޟ1;3Ø\rʢO6edvvvbN\\%/xlTe͛	oAB̭\'06	aoo/)!pYYS0Fjq\nVVV:B9ۭQQc>>7KJJ6o̹ W:n׮&br;wܸqcmm-\'!I___A/XrL6]VѰlbw<0We,țTLde, WZI1#)iI\'&&X*A1ߺ1/3s~$, XGj(]`RzDB,Қ6&h*cd]ƒB_\\<͘jQeiul1wzvvIȀ!LNN8dfHO/1(jY@(]kW75c.Fb\\3Νc!cfs\"2\Z\Z(\nBGt*.&s7~fe3`II	σA?kj\Z9p1W/&\r\rqifO/-lmme)!h4۷Jey5B000P\\lΘوn6?@dllN=\'9aX+\'\'R!+8yEbfgX?>1}(B8#GN_f~gXWX@ÁGCCi!ÚW]k^Cq!^߷) s=c5AV<X@&\'\'|ߧ`^J^ACh1UǧNc!H`qq15C#4qE,**\Zea!2oy (\"%pcD|A킂FbBoa}}}=嬬TDTn#4Ü5TM>x6ψlYMA}ii˗뉄ˏ)!č7X@ᾆrswxy\n~ܩq(!p>+(\Z6:i9k^ߺu[TiZo.=Ki\r\r\r<A{:t(%KGB\\`shBBÔ;G :;;6^%;||>MO<e򺺺xkD	7vMyPZZ*~<Aܾ}{ZVnAZgs^nsgyn6PT룢Zh㏐鎋Jv\n3144TXXUCG^T([,**pdB`amVX5TSG*ȝ΂ }tuu秦VG]ӭ_VGGCA{j;wZ\Z.gn1p\Z!0WZ[[׬YYqPLt/&jVA%6:vº|&35rmByy9+ *..Y- B5 z;wAB`߿?///+k]re5Tmaw\Z\nB,aiK	sۿr,\'P<B8;9\\c94?A6oo\r(ꮮ.E׷]{{%ξʈzBh\n:¾@A< !O<YP˝ddlNL|юqFDedlʵHJ AZZZfg9A{].@0-H !|&&&juqq<(uCqaC|>:95VPi_`GGxy.NL׋ټT߳פmML0 E\\{\Z~rrSYYþ@B\\pa4r~8Ez{ED&\'a\\Y}} Bet2?\'gUz&bhϨ0(裄99yE!СCL;.-mRY7wQJKK+^kq\Z\Zz{{\n\nB{QBQs\"$^+fO\"kS$;w<@	!UQaaYY$T_8zzꂂGEefnr񹀵A	!05hZZZ˧\\Mw -mKrrRY\'.Px!!|B58\Zad:.))6%eGzzYVzodYiiiSSȼ^;99)N;2	!!l&֜?nMMVE#E226VZ)^zM8=}tB+>~===oGnqqBB#b_ff~ӟڛS<GbwۗG ^Zw^[⺺:|\Z͞<sL	!0Wz@GGGssCDʤ7qŗܹA|[GGGy$BH	!LZVkxxx莈\\pA785B7ˀ]P?\"p4MBhѢT 矱LUv(/%O(.Q6=#K~R\nS*_tӧ7>?<?V#G։+oiStIUU2{_E	!@BCCsl]{wD/KQ]b\'O>RqeȧG3{z.߾|yիƃ_$\0|QDiMN|ac\n^\"&\ruB\0X5<<ӾjyP>*B	!\08bO }eS}EѼK#ߒ/U/&%yBB\0NB#$\0@	!!\0BH	!\0G3rs\"#nXA	!\0؃hE	!\0̖Nč\'\0@	!\0B\0\0!$\0\0BH\0\0\0B\0\0!\0\0@\0 \0\0B\0\0!\0\0\0\0B\0\0!\0\0@\0 \0\0B\0\0!\0\0\0\0B\0\0!\0\0@\0 \0\0B\0\0!\0\0\0\0B\0\0!\0\0@\0 \0\0B\0\0!\0\0\0\0B\0\0!\0\0@\0 \0\0B\0\0!\0\0\0\0B\0\0!\0\0@\0\0!!\0BB\0 \0@	!\0B\0\0!1\0B\0\0!\0\0\0\0B\0\0!\0\0@\0 \0\0B\0\0!\0\0\0\0B\0\0!\0\0@\0 \0\0B\0\0!\0\0\0\0B\0\0!\0\0@\0 \0\0B\0\0!\0\0\0\0B\0\0!\0\0@\0 \0\0B\0\0!\0\0\0\0B\0\0!\0\0@\0 \0\0B\0\0!\0\0\0\0B\0 \0@	!\0B\0\0!$\0\0BH\0\0!!\0B\0\0!\0\0\0\0B\0\0!\0\0@\0 \0\0B\0\0!\0\0\0\0B\0\0!\0\0@\0 \0\0B\0\0!\0\0\0\0B\0\0!\0AC\0O\0p+\0@\0 \0\0B\0\0!駃===.A<S\Z6xWo>\ndOikB ###77o\ZēY<YAAABBBBBBBӱ+k/vfpm把].rbя~4wg?Ol򱱱}{38ٽy׮Kp峺ךm++v?e~ !!lC}ץqlfE~|\'Ϟ=+>غus=g^z_|3\Zۣ[v,^7FE߽ӯ88Ge !!ĬB(bc\n-6[	І\r\'NH__W_}U|,]M\">~+\"g?͛7/p~o}[%XWwS[[kNM3ҥK,̶b]06;}}}{{gu5}-3v/S>tsq	!!fֺ:\nJCU]m%1e|qqq&aaawCCC_u#ozgT*bz5\Zfn/r՚֩jkn;zz5ܗ)\nɊ)CR^n>OzG裏I]LNN__ǚr7VYQqr8½͖IKdŔ!,o)L$ 5\Zd\'{Wy|\"yf~~X0AVa$LFXSr{=G!nFUc!f3/S>tBG|0*jx`$o4_i}BՈ\'k9r?6)W^0_6ζkFTTo9֜7>RF\ZQQsq_l\r !!ĬBxcz+dy?O{}UqAppM0ouuu__&\'\'|Yq͉9:رvWBBBSS9]#}ۏ)zrڧ]徰FB	KZ[U55Ão޼ꫯy?aDdßg_yc~GyD><Xزe|K4-55aGsZsFU38<.B8/BBBBHAAABBBBBBy.D<YA\00SØ{Yon\0\0\0\0IENDB`'),(40,10,'PNG\r\n\Z\n\0\0\0\rIHDR\0\0X\0\0X\0\0\01\0\0/IDATxPuMڛvmft2N\'wv3ET|?PT41j4C !ԺXKRKA0\\ץ$C@9Ɓp87\0n\0 \0 \0 \0 \0 Ļ9r;hР;<yreee\n\'OLOOxm\'zۻuke>w!m~wy緾O-UXXO̙3=^[po!-E\n!fG??V{w2*&~NBo|\'\r\ZA^}Ջ<3Kvg7WW\Z\\\'|3&M:|G׏ޏ>(55ۧOvۣ>]reuq<>`pÇ;Sw!\'O~{sw1?3f]wqƽ7GxÛIy^=C˫{~O5kVݻ7/@q૽xv*$`-˖-\"p۶mm/<xpK6aWfp߾}uPJ;o\nan\'r;sO.Nܝ%\Zy oF+ukw/~	K/GRuK6]A\ZK8|%sOo=]\"\n!hܹQsȑ#=Ch{sm_<.	\'BVVVuѷ?---\rM^u$ܡjen\'|u`}7xCt+t!MNNn͚5O-`m,i|:{ЧxBַ=+))	.~JMJJ\n}\Z<B?\ZC+xvB($`\nSyN6YdC=AXjh0Idh\rs֮`鮻\n\"K{]VTT:̃BԄE>\roҤЁkQ	$//Û%OЧ`\nK`Gf;MϮ?b\\U\\\\<iҤ}s]r\'C&v[Kt a}ku{NGPC\Zi(wygCfl{4?=jԧ딡Up~^|<Es!BMYY;ظqchJG\rzݝBq]olNGF}\Z$	o$0ڵk{A8B($Vʕ+W\Z\rOLhB҃Y)vѢE#;>|8|Gܷ\"jj9{;ᯆFEEE`%M>Q~_lI!hhm\rZ	;»)!]5y^\n\n\Z{\\.M2|Brw_.\noG~\Z\"/~-Jxݽȃ/3}H;ʊ<!5^9^	\Z~:rWI\"wSB*X%zi0bx\'_7mmbh|{ԧq\rw}ho\\n\'rgО\Z?ݝ=!S#ˣBA#~sW{)!kӿ/{\r<ܙ3=Y,(Mo;4&\'\'~A/۾۽~i:XeyCAwu״inmCܷvկ׿vw*Cڃi=QEWN|DyKCisOUȀϽ^<!]~{zYaD!QBI7z<=!$V#χ0l0!~p\'G?á3JSyD=F\0n\"@\\ۺukg!ܾ}\0_B\n!\0B(\0 B\n!\0B(\0!\0!\0!\0!\0!\0!\0!\0!\0!\0!\0!\0!\0!\0!\0!\0!\0!\0!\0!\0!\0!\0!\0!\0!\0!\0!\0!\0!\0!\0!\0!\0!\0!\0!\0!\0!\0!\0!\0!\0!\0!\0!\0!\0!\0!\0B(\0 B\n!\0B(\0 B B\n!\0B(\0 B\n!\0B1@@@@@@@@@@@@@@@@@@@@@@@@@@@@@@@@@@@a^.=O?tǳgf^xl䓅?ˋ֮=3g+-mz@k_:rgO\n6cF)ǃ1qbٸq#GV\'\'7W̹ZnHNII93n	-|sr\nׯ/{\Z w~+O׿bEvvѼyA}.ծI;MC~0jTɅiiKmRᗿB_Xdff̙ǟNId%oB5Z1|ҤssOU{@k~?Iӆ\r\'Ҋ{8XKJ+E!\ZCT\ZU<wn5e{4|SBZv\\dƌq$\'7܊A681͛+JJG#B[ySOI9߳Wl#F/Xpl^k_\n!	u泳gOF`ի^JDr|G{Gh= 3퍵.^lY\'z~\0	adOMz|\n+N`ĈځпII<sgŋ6!ļʁ5&M*MJ<80C\ZJRSyq!Ĩʎg=0vl\0\n\ZC!o/=9cơk?B!m[ƌ9ۿ;z9<=mڡիWUyv!0weGǙ?fM{!0<X;{vAJXI`̅04NRuw@a\09y1#(&6ACKJwv6ٯ~4@&B\Z.()q!Bl1Hrrc&0CqF_|u\'$B}w.<4vlEL\'0>BRZs˗=9B.]j]\n{}q@NNO~Y­RRR?%&>g!;mۥK<]BM5kʦL)x\ral+VEwgu폹6Q>wn/ۡ!wjƌyl!|ԥ^9Dg/ge32^!Pz<3[oy>#=g46>+!;ujѾ}---!t3gb6ͤ{V!oۚ[C0ͤG-;koR:R_yѢݣF}8LF%!D++KOߓܐPL^=wtdB~ƌc	~ĈC[:7)BWyvʔX|+A!X\"жo/7<1!F!Vnll  $mΌ{.+!JjU}}!$lPh;\naGpNCB$Bسq`R!gN\'aBxƲeZ6n,UA!hή ĭmN%yf^-DW/tzZSp|B͋/8RB~Lŋ˗;!$~9R>yr^>.\'%mi`CS5}z];\Z[\"Ķs-0aFMJʮ[-G!҅I	!$dfHJl2=x2cV<A!쭱=5b3^~d\'<bG\r53gMT{yOIYtK,b!ŋ\r盷V\'[Ղ2p-_?)I[oxi֬{ZB_,LI1]-}p\r!d9{zs#/^B%K\rj¾x[b!\'V/3^,D(ʪ&NKBاqМ~[\0Bff!ĉK,!,/	Em۶YBMeɓ+MB_7Æe/\\XZZjaD---˗{A!oƌŋ;\r)BH?SRLBfdlڴ\"ҧ\Z.tfm!O.ZTVVfD;=w[[RS,!}ǽݠqqذŋ޽6l8n6v>Dfffuu%!:q|&^!heȐ9\"B---O=<2B8@kS+N\"*G\rB8pS677[ZBnw=LZ`Bz믟>d+dee544XfBzSsssNA!W^ybқxW0VV\ns.ZXSScE+WYTcf1J!BHo*))3+2SU[[kEkxuPcl5+X)ܵk!f9snZSh:tW\n-!7e2ؔСCbkll\\Ҥ*8~2aB%K8!.:դ*1:Zx12BHO]	!{JK,!VQqv&өh6E%BH	!>==?oF&R!)8\ZBHFN.*1?ZYzmh~~\Z!͢Bc\nWXjF钺SP!Q2iRhhEE!K)KBO#utΝn.ټSilu4++!7V[[xBWlQ\"Xaqlx{¬k[GwaB!v찿X3o^hb.BH._qa3fBXVVfIB!Cs|`#GBhB!3ǎ}0>GniiҾ+4a\naܞb&55RXYYiaB!\r\r\rW;Ѷ86uj(w!BQ^^>{uJJ(֭Ҏ7(LN6[\na܎CG:BU`y!BܼukR{|P:dB!:555WW*0G\'oXeB!B?S\naaB!r4\n!9v )<)?̹s,B(޽+22B!,)){=w$)0;7[PXccMތWb~PWXaB!cΝ[$)07.!B*))y	\nab8\Z8_\\MDkԩS!BڷՄ0SBoB!ݻ2*xѝ;wZPD(	46Bf\Z\n!W6o.3=\nazۉքPnÆrӣ&;cFx.Pݹs粳ϛ0qFIVUUPӧ33LB8_ǎ\r$ B讽SQǏ0nCꛭ*L17\napPBs̴+Wތё9/C8bQh4aJxmqݹ(MB}Bs&0//O;\\$BxHKog?B!4niWZ%IE\r\r\rB(_B!LvB(Bfdd\'MU{7]}ÇPn|rNX?h}n~mv3əCtF.!BoB{Ev773{5AGyGӗU>K\nW~w{Cϛ>~_\rIOwxC<,Bp+WN\r]u¶ϤۮvKЈD\ZkD$q\'OAkt̶`|k_C,*rҗg7\\]^?%--oW{>pow_sp~%Æ3o8o?pm]xB?oO,ŶFo={xODÇn\Zmwxa1Q>8|8GwLztwZ#Bo,Fx\'Ǎ~xf&\"!O^# r{Eb_;la{F(Bh}{w\"\n>7ܹ{&\\_{ж>Z?`i_U{?}$%is$zB!Llw\'7\\B{:00ǓG!t\n\ZB8,#B(Bx5II&F!B!8325kT̍i4&0FС!llls\\4gθXƏ&EEEf0qF!lmm-Xcw.Ǭ>xN>`z:vldf.\n؝TgAPh7C2pUVVXQczoM`nnI@0UWW__ezǦN\rpݺu&!DwҥmLB8ٳ!3	r套S/	4֦ChB!䪽{Ph??={PkB(	zCPzr1cLBrRRKJJ\0B(\\)--]IRa|0jTAf\0!B;wn͚j&x3 @uu@+yyLBY!1cNaBNBb&I!LT.[l򱂂dh<Ɉe_ϛgQ!ˑ##_ ,**򱚚͛+LB㵈m***,B(|LB9s\"Cx˾\n!o_RgO,\nrMBRRR]FPV^^d87ztd-B(\\gO00^ޙ3#Cx)K\n!uX&SFFaJJ9SoK˗/ҎLBԄ	;!BwmJLBcّ!,..ҾW_OJ2m\na#ϟҾǏ?񄓎\na\\#+dɒ\n!]ڛ\na<btݖt!B:GLBOcNY̅PLaaĉ\naC#߃0P__o1B!3uuu\nan]ne\\۵+*1V_]СCp!BnxT[G0GðaQE,B(X}}\rN-1?NY\\A(BHW>\\z!a(BH={6+\\*;>5*vQkiiybө\nXvQ)..5ʻ2	aLIIK\"w)p15BH466nx֤*8M]BmGT0&gqFs-XPk^\ZUG?yvѓ\'OZBzhNo+16FV0\'\'˖e*//OO7\naM!䦴(0fֹsv~!7S\na\\t˖-DYyy^);fώZ,//#JfZ!ȣ~ذ+i&!e6+BcO\".Jјc\\!W\n>*v<)%%%[^V^^>~YWⱃׯY&2~B.==juҊrKTWWV{pwǍ+-!Ǉ\rk1@h;\"KMB80wб!}!?ǜ[y4\r\ZuDr˵p_{׮]O>ry*Bo;jT	ղ-!}ȑ#B/G\"͛LB3gFUpކ!TUUef@*}:΍SNYBǡCF9h2큃6mrB5@LB7c[kgeeYBSuuuN7[>&NlQ2^{pZsw\\`^sB!UK??D@\Z\Z\Z6n7ia/!QMM-<ޙ86Ewe(B@tx̙0{aoaھ4{%B\0kסѣ/ÅW^\Zh{Duu\r!djiiٲ@rɅ&LK Ģի셰cO{;޽K!.;ultίX\"3*+22NՅr̘6:\n!$\'O<q.]NIi@a^2uj^xDm+XPP`QBaouzBxó}y#ĉF9+v8.\'%=d0Bā\'FМ/V*n:gA+bP+j޼!q^X2fL_Cilhh ħW_-7~BxS[[kIAg=~|&OyPkjj,#!S\naboxADI,oG0F;&77IB~vΜ}*3??~qwBHzߒ q?Θ=%B;!$}G5B5ܹE0sժUDʥK7Z$+A4eAcm5C4a܌3c.mo;=B6V/q0Lޮ1|)B~파c\\cw\\\Z:tSZZ	*--<G3ϟ_xŌx3i1lͭGƚ6oޜij!C;:F\"LC!tUkkkaaN-/1Cǎ!DEEEN))5B8Y~1999OLF\ZgpFFf0nBX5jSRȦM/B8~O.NO0nܻB8@\\ٳ:H`VVVAAc$BMϟ_nsl6Aq2eYNV]]B0󃵍M;6xpNv	1!Z6m\n\'	aߌaö>N1W B}jXZZhQܹώ]%n4w\'0;;!K.߿?++ke[F>\'WO@_muBO.\\f97J̜blEa\\f͵.KK4~遼+@aС;xZ̙3@a`	墢`^hqZ)SLJ,]\rcŝ&0;;EatRAA\'9JO_?k/a\'&lNKa9!Ć˗/9$>s0\0^:@B<dȏg|:##SK,9vXz^!{kEEE	};ΚgԨ9-CM95A˗//,,F%bXKKKiiU{h3^;tgRSv	4&^D!>}zǎ9R>a&SNI Bq6???aD7Ξ	\' \r~tڴ7B`MMgB	\nΝ;\0D%!##wΜ3f3-:i\'0{v|`-9XB B	*ɓ\' 	m;1o))5=i[VϛյB(𱦦N:H?XYLKtqѣx#jCؐ|jӧ?\Z-N\"B!XQQqY`YFu>Y^6\'FNNndܘǌ)2/͚7w22-\\d:\nbϞ=\n!tO]]]QQю;vE,	+[\riiBG>pmf/\r{vOǏ!^P]]}ԩ`Mqݺum>_k֬yW>BP`M+HN-[tw}Ƒ ПΞ=[\\\\|={Kͯ;߾jժݻw7[TTTQQqFB1pMuuל9stUUUWM\ro%\0\0\0\0\0\0\0\0\0\0\0\0\0\0\0!B\0PB!@\0!B\0PB!@@@@@@@@@@@@@@@@@@@@@@@@@@@@@@@@@@@@@@@@@@@@@B!@\0!B\0PB!@\0!\0!\0!\0!\0!\0!\0!\0!\0!\0!\0!\0!\0!\0!\0!\0!\0!\0!\0!\0!\0!\0!\0!\0!\0!\0!\0!\0!\0!\0!\0!\0!\0!\0!\0!\0!\0!\0!\0!\0!\0!\0!\0!\0!\0!@\0!B\0PB!@\0!B\0PB\0B\0B\0B\0B\0B\0B\0B\0B\0B\0B\0B\0B\0B\0B\0B\0@A !\0B\0B\0B\0B~w{#ps!aݞ!DqCBB!!!BBB!!!BBimmMZBqky8//Ӧ]Ο?3W򕛟O8ΠAUTTt?jSWiS]=\n!Bw+ɩ;ʣeJOz+`7ӭ~~w%\'d؊O~+˖=q|\"Yk{.p>=z4tapS\\~78t>G	|ŋo\'\'d`/g>&KJ½޻uss5oݕ{ރZB,EQ:M+,,LSSS,=iɿկ^}ӧGM0aD?nܸЅ>hW^^ވ~޽{T6׿\rWӋo=ZB,fj\'QiKKKԤwp=D}B477??\nNW60mfk2~*!\Zm׍~O}W^j;S_xqɒ%IIIJRWϝ;݊]#1@!>\ra/\Za^^W~vKfWCFPJѺC=})~ɓۮHp#aWrFwo\ZBz@ɺug&L}7l().d\rꗿe]oWƌLQ?+**¯Aeeess÷[o׼|ۍsݺ	΄+a\"?!^E[l\\ZQ\'IxwݠWuw|GK_w	W_}k׆o5[m\\@!~!NB\" !BB\" !BB\" eI(!\0_/m\0\0\0\0IENDB`'),(41,8,'PNG\r\n\Z\n\0\0\0\rIHDR\0\0X\0\0X\0\0\01\0\0;nIDATx	P̗$iͶd2~I6iL6v2f\'60}\Zcc16c&ȘBlJ086!|cB>J\rcYB	tB{I\0S\0\0 \0\0B\0뭷z䶝;wl\0p;>h{{{GGh!@wa[[h!!ӟp?xDD|ӧO.Z4=wۭ5GYT>޾mʷaoT߮=1Nkk|;kZx2|G,h)ְ!_KKX&\'}{3o-L.B?=\'7nsC\\b{!͕o\'//o!裏{1E,z\'N`\"g/Ts[ж3yݻ\r^{uf{_%+\".6b]PM\\~3f!By`i<p۶l\"]r2oW˰Gy$<<ŋS]{]K+WX]~wIvӸh\"q}#G,k>}׿η-1\Z_AD\'n-44?A<==\\B\\2mn|hh(**J;#LHHꙜc6V]ϊWhZ\\bmIx,zWqkBLL+zj1Z8mݺri%%3fK_RJ7B8,>s挅!4ɗ?DLNb]p}߿pU!󾈮mwT_-yofph˗-)%Ů!?Fz-uttlug/  5BBGd0Eرcg\ni^۱cT7D̤_Z[[Ņ~׎G*6CjU#%ڤ?͉/?kRoooq%%%_7ybK_JW\"nUү)o0rWULڳ,y,rcrJ+BPV#ja8 7nܐ\'&}nў`#ϴ%WC(3tQPiIbCZgۑtOğ=0>}}}&7ܠ@vU▭zyf\'NHmyu_O\\c=f-XXlB?{7i3C(T-СCLAM,?뿙\\&k\\R[܁PItm۶vSO_]*寊!B۷|ˤ|g#nܒ[<7S;?7gq|c@1o:;;ov˥͛b͠Y[8vXП6md/)FQvSmSjW3 dW\nyKBhc>BujjW^78.p3RyM:jTaf<I2J._-fywH%xS꿇#t7lC8˧O>|k3~m9F^1ͦQ1>{СCts[A񵈈ig:yґ6I?bէ`K״nrz42Q?RIcSm^)61PH{W3ݜ??}aiɇH=bWz\\n!ļD=u]_it|L>d|}^3OE\\n߷f%kfzZNlSjmM ~yX8#H*2fO			\"3~hwFd\',y,;\rG	BBWkallO>අ)f1m҈-6-~;7vM^xj/ZHZ\rw-oۍC?W}<3֟g9GܸOvNGn!~ˑˇ%3<ޛmCKg裏NU=9jr	!!Xn]x2]㱀ĚtggAթFWz, \0!#O+=Bw/ܢ\"S,\\鱀\0!|\0\0VUUe.555\0\0.B\0 \0@	!\0B\0\0!$\0\0BH\0\0!\0\0\0\0B\0\0!\0\0@\0 \0\0B\0\0!\0\0\0\0B\0\0!\0\0@\0 \0\0B\0\0!\0\0\0\0B\0\0!\0\0@\0 \0\0B\0\0!\0\0\0\0B\0\0!\0\0@\0 \0\0B\0\0!\0\0\0\0B\0\0!\0\0@\0 \0\0B\0\0!\0\0\0\0B\0\0!\0\0!!\0BB\0 \0@	!\0B\0\0!$\0\0BH\0\0\0B\0\0!\0\0@\0 \0\0B\0\0!\0\0\0\0B\0\0!\0\0@\0 \0\0B\0\0!\0\0\0\0B\0\0!\0\0@\0 \0\0B\0\0!\0\0\0\0B\0\0!\0\0@\0 \0\0B\0\0!\0\0\0\0B\0\0!\0\0@\0 \0\0B\0\0!\0\0\0\0B\0\0!\0\0@\0\0!!\0BB\0 \0@	!\0B\0\0!9\0B\0\0!\0\0\0\0B\0\0!\0\0@\0 \0\0B\0\0!\0\0\0\0B\0\0!\0\0@\0 \0\0B\0\0!\0\0\0\0B\0\0!\0\0@\0 \0\0B\0\0!\0\0\0\0B\0\0!\0\0@\0 \0\0B\0\0!\0\0p<&e/W[ڻHUT*XZIoIOT%J2#Η,UNέZteeo}WGu\Z\r-@WtZFZ\rl[ױ.CTE\Z8{w?Nؚ8ſq몯```oh鰰5k:Wwvj\0B`N;ֻspu-T\"[#t/W{{NU;3Le?֘洴¶͛N޼ L3Ά\rii1K,{\n]lNNn.,ih~v\0!fo\'V[:Mg\ZKEܹe9qrrˇ:;u:?hBBcee-鑭:{o.C?8)-MUZ>s\"BϴUV4DD_K	iKIQ\r?+½|9sZsbbByL,^ܽtiKff{mGBkתza]a:өC(Qo梢^\' ܱeM*ﲟ#B(`UNN/eB8/\'??hXz8T3ڴtn6z\Z\"B)itmے&^@g|iWllKYK@=\"ANBӞ7.B]m]@g	î~+\rp8_M~U?Px8$йB(\rGgLLSe(ZiBBy_kPw؜ֺkVB̧%pΥΘ@\r4^!!0}Y^LA΋wJc08JA9udaNkP\Z]		uu8A>~}jݭv[KPRz|Z_ʫcǒ&yyF],茋k-!lldbHU{+%%C(ưϞnA85t*hpq:1c>>1VUFvDA	W\Z>W2!0F.	tJ8s3!`s-)SAB(Tu[uxw\'}B(hBLo[s|MPT}B(m&mZZ=80ϗu8U%x/9W;!`ԹSx>:㣥K[5B|`e-n[oTW3 -umuݑYA\rơ­@;PQo%%J\nBƣ}s<byy.(h4, p/\\	,Ǹ羼7X.@^xRAB(\r\\ZB*Hݺ/ pqyxeI!kjnf\'f/_>66BWsW3iٖ9 pW*TZz~aʕc{v7?kZ;FkYv@\n8N~6?Y@> ?IlٱjH=ْtNg3ZZci!Yմ\r?_|4$$d!3tyBh&\'_p%NcjB۞\\X><<B\'pd:ɛv|\ZPz5\']z9;ict,h pP\r\rL؄~cRo~#;;#\'G#ى~U}4|.!\rii3G%9|A]0;q҅GNN,♪	_BB^zIGO !tˎL҄pnM69B\narrOBBL#99ɓ===ir<!3+RR9;8T#\"n\'b\'X[W[HgB83BBH\n=w<UU6|ۼ+_X8Οq(FQB8?Hǝ+O5FLPǯT3{QZ2ÞiwV\rE	|m -MK۹spsɄ]jya떖=݅wT|ߊRߟ\']koOj5Kf%\"/?cffXZLp߾}9\Z\Z:\r>Q0%\Ze:gy\nTa3L;Ϛ7f3B4*\"WW.]w?KP~ǤKxbKz_[5}OXgm\"ʕ4j-F***VX_Hh4B&cB8دYfllL&ŋ377q(5Fh<5vğ|PsO~!t5O>yWyt Q|a/1B?xQN[c\ZPVJÇ[2\ZOuv/Kt钳l\Z5LN;_\\$Ǝf2!ni>3,U7\r&\'?#*BUM]k4yVXB^#\'f%aKb(Jb?ԑ>ϟkc05M5?w)++B+B(Jڙ\'~jC=y߱cf6K7+n[*BICɢEU<	/?T<܊ER96==`mm<OM>ӄNy?S9/op=+_~EHɔL~|_FGO_<Gr!!tJtv|EW\nN+(g#F(Xo07¹_FO~RsbPpRV	!!$}wL_{JK_b&_zIS\r.̬p %p^dY99i@ӥSMQ\"\"\"քCk\'!\n\rbˑ1GEG/u$8b%➟ti#G|͝2o,ZA4^h~;V&3pbb¡(;|B]3_}՘Ksc=_~g˟e&\Ze>+3ةPBJPsXg>&!tbnt2+BG^^33WZ5::2BJ[QDK V\n=bB[z=	P:Ǜf!mhMmb	{\nYxAa~RWB,㆏ϊ켼<t:&WB\\*9= ޞxfVB\\o:;qy0BJass3K1!f;3BgǢE\n\nf@L6fN%8&/-loogY!Lߣ3BE#)@4{/F3BfgDjGkJ	ۇ0j\Zy:yGq\rQFG	L^VYAa-Gy7B\"cSjaaaVe!E^s3(!tq	2B+j??J]cx{Kǎy r(IK!GAamk;	+nqBH1NBJ|`[GX	!!4v5&~E^^ǎBBst:]iK)&!tQTJ[G{{{Y	!!ĔjuV_&!t.cG	!!9~\Z?fMBzC%Laa!FA	!y\'S&!t(sαBBvBMN	!AHw7͛Y	!!;	&-f!!;	[&`\'[ʙ)	kII&$t0SBbcMH	!LW̔еGAARMH	!T̔Ma7!!$0e$!tQ|ݷJłO	!Q\\IaTH!lhh`\'_h4:61GBw;\n),kjzE\nHBdd$BBC===		̑```,Vs$!tCxiBHq11&HB>c՝3(Y	!!-{U{	;gPձBB[jU̎}Fٝ3(JKKY	!!-*nѨyyy,br||ّᩄ\0!$nddd}zfGB>Ϡ.^$@	\Z\ZZun#!tzzIBw700bv$3,C$@	ev$3r*!!$2;B#r!!tw*ېCX__$@	!!$}C(E&BH-o3/Bwy|*!!$EBn#?3S\nU!!$o&BH	!!$B#i9-3BBH\ZtF&筏5ZTO|pddyBB8GƂjoQŋ\'q{K+Ǽx!!QQ9^rS2J>2y\rTEDO!!yE{&ejK;jHHvbywh8O]G	!!$e;p ,eM~|nOq˿-*Ԛu{{e!!$BIOFa߄U)?p*b..^IAaGHF[\Zޑ) `p{=MQs$JjqחBBoyKZ뢢FCCYl#Z-\0!$n7zGǡIqq/EV#ndr臐IBw788npIؔL6݁8ٿ#&g}6CI	!!7._o)-jOfJs]JWTw.\'0q0&F`aa!\0!$nttq&RV><UQX;v(r<BBHqVVfGPP5vh͎Cm\\bEffT	.;U;-_BXk݁/丝Syo6T9{a T-lOZrƦh\n:x;4մcmFÇ3BB̎G虨yho/P]c1BBp]8Tkbc@NH>f\\θ\'?@1Dww73\0!$c4^\Z-spv=)I?~``BLH݁G+sw#8x [Y>OUǢCxUf\0BH1h6wlfw&(r݁7[TDkQBt{)!` h{OnMl!ghՎCeZ?Ţ4-!&hv3(<=ck)θ;ЪfPy<2CX)IB|CRsj8U\ZW7yKB.Wn?\r\ZOzEY	!!Y6/MYUnED5m_nv64TeB|mdd)m\'beLAOqL51*}8BBt:79^;NKHڻzo-,	w#eeT~:>!$;/\Z\\10p7[bWo6#e\n\n\n,푚HT.3Nyl7||(D	!¾BWPx˝wZ>||SZpuj.RO	!wݕU{YĲ`P-)B7MjCPGTm;[XE>Po!GBBWMIdUxd+%{%Huf3AXXXȑ2wzyצ*w/^<AllWoGŸwBHaz7a]KxHS}ni,\r;AKޗ臰BvSx5gibuHֹ>Iᑧ]!$f^t݁JVFEQ9ޣoU8)w(;	!!9cccmNpvwEZ\rg$3-|ךDv\nvm!E~~ѼȈ>w{:+K?,愐ǜҖ6$9)	*V9:\rW077w||ŜBhqwb;qw54Dg8ڎJ~7o2N	!iRVg(?RV%s2mmm,bzuC_[@g\ZaQlhEpBHa-m[k\nBC?+8/Pߒ]q---e&:roo~v^O޸<:(9qu\ZIv,J1/cǋT*mBHas;0>EkЇ:Nxs?p|!0#O&].9\"TkTbVcc`\n	K)@78Pk3X\\]~35!3<<\\QarKVL\\#gՇ:e(CЯ`^^5!^=&*q؆$EF5o#,ʤyo6ƙa2vbq!L?UDKtҚB	+4qr\n, 	Nɖһ$4w?l)u{pẌ\nK ˩|n(̈Qcw :)llɴ bZΖ:5BWȩBSRTjb%?PIZM bVZT-qq3OE%-W33,<B\"!wsfo.j:gaB6W\n%/drg4e$k,%0/ZZF,GF\';1<Tb7\\˽{up&Bjdw`xrdj,|0)Wݒl:x9^B̴{\nWnX{a3vU\'dLLN{KJJX!-har\nTVEϔͰKI)Ms`__-!lө#ߐsb-35c.ޛmɟrKAAZe6&f5ܳxbc1%ޟ3;3eMk7֧vvv.zzzV[17xɟl#)mӌ? 5q)Ǚ0>^a^SBPiiS0FJQ\nVTT:B{֨QfaYYy6lAB)Fuk31c~GjjܿuֲxbVڌyK~`QtժUjesg(c^>b<3 Ge!Ĝ\ZjgRfHLjPqJB̵ܫˌg _1wE\r*X__ϒB@m[4cnFrr12W^eI!|/*\Zbf{DF\Zomoog!;qBafo^3xB8{U{b㍢###,} pW^ݺa3ӧY@Xzzzx=Dx`CCEA~%6s7vdf6`qq1σA_ҷmkJMdY!\Zoy1KMh\\V2B8:ZysS9c6C3`]]Az3˖5 S\\\\<::BޞϜΰv,Yҕ[?ެT23,AAegLnn\0!ҡC>c~gXV+((Yt{B%&ʸ Bjw>p11AV~X@&&&ooɌ0^^d@:ČF*86U5\Z\r!\\FʘEEE2Bפjkk/\0\n\ZWpxx.Km߾7(%pcDMv~~Zf1!뷰~%}=gk !ǢNRwgWRABTB>#25;{!qŋDGtQϔ>V, p_99[HnRRU)#\nBL~BB&~~WL&!l޼AiM*NPpno-444LLL!ؘ\\!!.94>NA|!`Zgggfyʹ\r&0E11ZQq͡]&JJJW8!0͛7ny6jک6yfll6!`5QQ4GHHT%;A,((HIdБWVϟ?+dX)V\rUTFp_33s ~p| !`]]]yyy))C&1qT+PBFFF33W\'$Ź\'#(eoBKkkʕ+32\n-k8(oLVU*+ }\r!ݴҰ.4WHIj[PVVƊ !0wWT|J;	+J`AAӧY!={rss33W\'%m\r Z^^c5fvJo͡ |\Z\Z\Z:)͐>VO&!|.|^ C.,,Õ[.Ory{g&b[(!XZm[[۪UVbn;8%SR*G	kll_Izh\ZGaDD[z;p\ZYaV֪+mP|	O݂g||\\RszZZRY88{7k-kJI)3T!F^K jb6/))vK%⑆IJ?g:===!\\#M#1-4>~whٹ,\\{4\"5)MBϝ;ǫpY\ZT^^!3!\n(>~OZZIvv%+,,lnnB\\NdfNMݤT/v\nԲ9 \Zٵkq(*uBBluЩB(m+VOR]]!֏y\rB\"գ^Q(XG8zzj>jʗ͞֊!$i:NV777\\M{1?5ucRRRY361<^]xb!\Z\r==X%-43s@2\"Zldg$; 	wQKh(\Z)ꕞ>-X\nikii+ddXx`Dxɉ<=\'Q\"#gȱ5i{ď\ZebwF t˗/T]vYhISl$fF\\\\ɓ\'?BH;aMMMR҇C8KJJ\Z\Z͊#!!$3>z\r\r\r\rm+\\~;?vGKF~&/7b8GBE__ͷi4Ul[!!!*y\rL\\ψ/~{Ǿ+Wo1\'gMMJTj{fªDB1X4$+W/xb:USj3As=i_gi[!!\0;p0b\"Qӱcђ5BBH!B(VZwI\\WP,TLB\0pʻ+.}ݷo-|M~#!$\0!<BB\0B\0 {0=\'\')11*22йƒ%tN\rh4IsBH\0\0!!\0BB\0 \0@y\0\0\0\0B\0\0!\0\0@\0 \0\0B\0\0!\0\0\0\0B\0\0!\0\0@\0 \0\0B\0\0!\0\0\0\0B\0\0!\0\0@\0 \0\0B\0\0!\0\0\0\0B\0\0!\0\0@\0 \0\0B\0\0!\0\0\0\0B\0\0!\0\0@\0 \0\0B\0\0!\0\0\0\0B\0\0!\0\0!!\0BB\0 \0@	!\0B\0\0!$\0\0BH\0\0\0B\0\0!\0\0@\0 \0\0B\0\0!\0\0\0\0B\0\0!\0\0@\0 \0\0B\0\0!\0\0\0\0B\0\0!\0\0@\0 \0\0B\0\0!\0\0\0\0B\0\0!\0\0@\0 \0\0B\0\0!\0\0\0\0B\0\0!\0\0@\0 \0\0B\0\0!\0\0\0\0B\0\0!\0\0@\0\0!!\0BB\0 \0@	!\0B\0\0!$\0\0B\0\0!\0\0@\0 \0\0B\0\0!\0\0\0\0B\0\0!\0\0@\0 \0\0B\0\0!\0\0\0\0B\0\0!\0\0@\0p\0¦	!\0\0n\0!\0\0\0\0B\0\0!{{>\\xyb=<\n(f!!|[*BBBBBBB x# IV]TQѼkŋ2VMI3.?﫫**vj6{gΜ9cW2g~bW.\\x^~偁;ȒgVBB+CW}!!4Wx]N	+W^|EW!!}wa>?ɝS-z_y\\ݿݎwyyy/g! .m+uˇqv~,XW`Ck׮MLL|[paUUu6~Q^onDʗ{%[\\vW_W^q2&򁫷WP\ZNmtC=/c.4-y\'|kfBBBؚjP[#:|#\"\">3Łbcc#UVOs7nj<{tҴdjjG0i%شiV$.vkHh_oM5zKź	B\\̃26TOT!CAa]\'$wss~ߕ/|G寻\Z*//gZ7%$7&\r<^z_\\>x衇࡙[>	!K7ސ7Q\\Mʌ7?>˽Ȅv[#vPz{5\ZJ3m{`r0.n࡙[>pSkqqS=#G?3H8/4!!?M#$^/<iN9Y̒YrvGhrG*Vo\\̿?47bn:m(?::*=#f%OŌ7BB,B{ii\n_߰a^|-^Ov544ddd?8^(^eemmވ2ا%Ve(j_47L`YY[{yW80QB_O̘q[FBG	³g[++[\Zy{N|-]xƍ_Wb=5z78YuUUkeesccC^-	k^yD--~CLMC35?p٪֪ƖFK(=?D!Ҫem3FA@!,@}Zȑ#DqBB̜|ܨ{;FAABBBBBBv!XA\0>!l\0\0\0\0IENDB`'),(41,10,'PNG\r\n\Z\n\0\0\0\rIHDR\0\0X\0\0X\0\0\01\0\03\0IDATx\rPTuLi|f&mv2Lq6iN_((!\n(PD\r\"APBB(\"åt=YuYv˲9{ۮ\0\0n!\0\0B\0\0!\0:p߿G ϙ5kVCCCcch!@_a}}h!!o={3G}4\"\"KBsssRRSO=e\r_\\ݚ,*7Ύ>޾kɷo7ɘ\\Gʷ# 0XBCC^}k?Oшe|\"۝̯-L\n=&/_sC\\2PRɷD?|䧈EB^6/qU];zc.;&OCy]syo_̙3G\\hźt$v!}2BL3fHѣG/_k.;!}Xu-<K.v}tRBB£>*t_ninn\'ۿI:w;a|ꩧſUUUv8ͯ=1_xD\'n-,,>sX.} .4B&7ۻl2J$~o\\\\GҹhI+=uGC@/z5f!Bi&iܴidڊ/^=dW3!<|s=\'P?q%? `q\"ٳMn\nEt+>Μ9SѼ&S2{˔P&9p8**VuG/885BBOzjE,\'O=SHھ}\\F]1JvuuiZcq.(X^EY#wH^tv_I6Oswч4  @~^^oP~ɓ4>>^T;Byg2CyyS<{ˤX\\3R\nP+E˯Gzp@1=._,OL^~e$=կL6LZ2y5Ť:ڤ#(LY$9ud#Jo\"C;ChCaqÚ\rOŴ+H[vNFi3ӧO_}UCLޮ+>ҧ>=}qyO_*+fRC(T+رcLA^,?|!d7XY7\Zo~8B,zץٳǹ۱;[RO~MU{oI1q{n^Oٙ3gĿ+}@1mmovv!mk\ZY[8yX0m/)ll5Golm{ROm\'Ev>pB}qk㤤$9sMNP<*Rk^6^6[d```ݺujNUUU-\"n\"ϕj|GoGktttHl;Cxɧ?|kN?7lZ#ʦQ}ޗcǌwc[Aq]DDĤ3K;K{J$]bէdKפnqzeqc|𥘯Ƭm^v!u4>P*J>&پG˜>ɗz!,M5yi\'X5IvLuϕ{Eq 6bA:?_+f?KC7Yߛe˖Yq\'}\"~77k >Saw!u4Xj<윑Eu|)..|+2&(jjˈy=eCx~C^BPi-~g\\3{)f1m҈bn\n^.]T%.x}MSOIA{oTTko7?Xۿ!tvZ>+smgɍ;:q9+G)/{fdcqG+F\'3F&2X:YD\\UйJgVOAϚL^UB)\'֤\r^0*龀Mχ![fKvP}!\0\'C\0\0E+**	\0\0\0!!\0BB\0 \0@	!\0B\0\0!$\0\0B\0\0!\0\0@\0 \0\0B\0\0!\0\0\0\0B\0\0!\0\0@\0 \0\0B\0\0!\0\0\0\0B\0\0!\0\0@\0 \0\0B\0\0!\0\0\0\0B\0\0!\0\0@\0 \0\0B\0\0!\0\0\0\0B\0\0!\0\0@\0 \0\0B\0\0!\0\0\0\0B\0\0!\0\0@\0 \0\0BH\0\0!!\0BB\0 \0@	!\0B\0\0!\0\0@\0 \0\0B\0\0!\0\0\0\0B\0\0!\0\0@\0 \0\0B\0\0!\0\0\0\0B\0\0!\0\0@\0 \0\0B\0\0!\0\0\0\0B\0\0!\0\0@\0 \0\0B\0\0!\0\0\0\0B\0\0!\0\0@\0 \0\0B\0\0!\0\0\0\0B\0\0!\0\0@\0 \0\0B\0\0!$\0\0BH\0\0!!\0BB\0 \0@y\0\0\0\0B\0\0!\0\0@\0 \0\0B\0\0!\0\0\0\0B\0\0!\0\0@\0 \0\0B\0\0!\0\0\0\0B\0\0!\0\0@\0 \0\0B\0\0!\0\0\0\0B\0\0!\0\0@\0 \0\0B\0\0!\0\0\0\0B\0\0!<ϷNL|hm޽;vVCVVJUvu$%խZu}\\(1ׯ׼F]Vv֖]:\Zlluu]]\0}w7xFF։dISXX[ppo@ܹu(^jōjVMNdfjmkڿBS\0B7Lב]VIonQ;?qk1l7BHHSD&1vFΝ55#.6<<q-[cck/n\r\n귱mK֦gg7|8}\0!\\ۛ˖Ջu>QoBh2sԯ^]t_\nB`r/\ZJKbbj\"~nF%Kj6l/,hhGB&|bص35f򺠠>^\Z!!5չ]N/A	!|xaag||Md7]!4.bm|f˖?DBB266qM+VhBBzBkҚKJt<7@	!eöm+WX0\ZeVA	!ܹWXQ`\'B(˗yڀ^o\'*+SR/]?Q	Jc߿!!f׮A\0!7Lv^]hQlKcbozg!M	,.\ra=r[oóh%%		G{=^ByXq</xرڠ>oIׅP\Z\" ͺWlU@M\rf7.maBik7nhhCB`11\'t^@oCB!k/Z	TF-5eeccc<9A5::ӰlUK]fOm|*\r\rG@P\Z]˖Ut!\\o&\"#\"JgyBG\rYsJmءUjuKLLg/AAyCB9CCc*UuhhRJ;֥5gB1IICʮC(Y\\{`\rBإ-6JI $f<;VC}0f6u7)!`غu!!|>Bih4\Z >UA#+V)+\nB;55}11> !chEE32J	h*GFFX@JJ|3>B1sVn٢X@ᣊ-\nx]Ik6o\Z\Zbq\0!پv%FUf&*آԓhBFƍWꃇIIǙMh!!oǎF*H,& P_86!qBo\r`\'w8Jo_GJBؗ P\'\"\"ژ	c߿䭷8!FvBسu+oB=zu-:!tn[]8Rg`J\'N.=oK!ϿeHKc2\'zҙ3gX@erss !t(IH`!8p!4jBWPeZ!wccMxm8::\"Bvprr\r6!ѼdI-,h \\YYGG	qqbA!ڷOtM?\r76Nj\rxBBx^^7DM˖p5Bx	;Ǯ^,!hjYX\"ny2SS?@BLFѵk뙙	%Ky_BL3Z	E	tmII, 6]]}]LȄpƕkYA1\rCV5Hyٰa!!4xMP S1!CSR\n\n\nX$AV:nZάM=b.^~ݺ&LBϞ=u<!3!!##C}Ʋ	Bw]$4.nX}{s/!QreZZZoo/K(!ֹsm_d%6sf]+8ްS`0&!:N-_.V\n[ZZXTA1UNl\nڄsǛzS:;B\'JFa!><ɖzY*jxxe33Y$^R؂ΜiAB-+k׊5ssYz8J!!\\-4t	z_;PR\rxuz(+, U݋\r0B\Zy6^{phhyz(HL!<~8K1!6nbR%8>!LOOBB8q޼q&UB㭔jeB8`0lQЋGElR8::\rButt._>tJw_\0!8jzؖ$Bw^hB8fhh(#z8v\rg\\!cΜ_Bs7^:ZSSr\rB5̢P999, `FFS(!ThXT:\rB8Muv),<I4v^:R8ذPQii(br\ZM]XE	ޡPumhii)8!$Di)B5ksBHa؎P*pBĒN	!Z&!T\rBDG	!lKP#{gddvBHaٞ=\Z&LBS$$H+]]],섐-[86!T^\\\namm-;!$->\"&!T*(H\na~~>;!$M@\0%!T& \nBHaYyy-%!Tؒ,EBDi*	GʕR?RO	!n߿eKS%!Txz^&$WPc(0P\nJhBBHqZIB2,;q(=!􉑓\"B|gϞ:&IBcR9O	!t/!Qb}BHq]wwwVV/$!qXX\rzşB\\аr%BqTc\'Wqr5B[\'ZBHqÜ\\x35U\naMM\r?!$]F	/qşB\\DH}hHLBO	!&FFF\n	zBBoocz$3;^xIB_ݝH}g4.]*IB_ښ6H}g}\"9mmmLkod`z$yL}]]\0!F*in{0DH}h!tá<_B/aZZY̍Ї~\\9n8L\"!$n!s#!!PVl׭Kp<C	#11ٳ}!$)\r͛}6K^g	!!>M	ύ\rW_#PA!톻h(6RRe;GOO٬YwBXUE	ύpgll/::љO2P!>{=wMşN_=ar2B79\\E3Θi|\\_I*6%<#c&=˓(%N)JWYJ[6[36o>&S!4Iļt\nzENDju]̙3N̒.))I4^Ytb!4*\"WZ,]^,J#<(]cϝ\'!ߚ3<z[f-K_}V6#GkfrI``ȓOM:~OBL	\rעhhJ||%|&/#2U%$*8c.9)\"z9rtxHu:@,|GDg-qhFY#$7Nu	,ژȟZ[L$Ci,5<WmmM&!>٥KG,>&bO^#$$bPD^#|\"\Z!!LOIejwQ^L/my\Zt̿E!<yB;3IUUwo\'-[斢UQQ\"Ѓ4lɂ96`wsU/8[kT?GH_Vt=;gB!3xNXMwkW,UޡB,31BB8!2\'VrZڊeqq!QQn\rҥLЇȼy!tS<_ժUa6,^LyYEsOZm\\8#!18qݰ3B!?almmMKfz$3hq3_31B/!\\BB\Zaa!!<WWWWNN?#!^d\\l&BH}]oom=LwFr!!uMLwrj5\0!$ؿc	IIr!!UBBC#79Y!!ĩS?@	!\\&47>vCC3\0!$hllLMe$0.D@	!&z$	/F\n\0bBө-L8wq^eOmFNdff \Z&IBM]FwɲO	!\r`$\n~~덶,5kq*||lVe\'v0UBeSF:::X	!!uz~^-S%!Tسjq/^ȲO	!sp-S%!=eT*BBh4ŋ*	bǨ BBSmmm0	RG!a\'7޽	*u5aKKK=!$0uBxB!9	\n\Zg$??ѻ/eeeBB/0mB卖pA;BHaXqq&!T(7a}}=;!$\ZMBitN	!,[BE+n0X	!!e[&Pɧ`I\'wɓ*il&sBHaFYP!cd< X	!!-l%J.2N	!&W^^J1ܼ],br˗uz4.N	!&744};\'&^?EGW0;; $jzB#;% pRggJ5\\Jw\\	Ic(!f0g:%;k\\1!!+!1nKBuu55!vdR%8LPa\'O61BooݼZfq!3SSW	w߼]N*+z			cY!ڒ]	 ɰ!nos!Qzn2=!nUSS3%^zrѝ;wr !n^Wyz(7Ylkkc!kV\nu̴ГP`\n:B0ŬB/[lmme!˼~B\r7;EABv%;|m.֖<ȬK=Wğn, pw0BOII&MMM, =̽saa&, *ǎ\Z	\'q?7RSYnmkd&;Bw,[ƙ	4yLzzzXBA1Z]TL=, p5k	ᴽnH	T*&!	mp9N>2f p7^_XeZ&ƚT0++!4IKc)!t^MGBLkCB87!tϝk~`AA\'T!tn ݽ)g\\[R\r$b:ffpGӒ%EZ- !ߩS	ᔾ`b^<2 {Y	T/lR!ޱIx	N\rBOߟ	%K֛m-//g(!<Q]]ClބUc80Q7Bx^f\'.yi0;%x^4Bx.sge@?	-4\0!7\ZٲϏ7\'ΏvABxйax999o,.Bxs\Z2Jc!+	㫠 Dy	Bxӧ/`\'v,vykkkY@{5<<!l;ϱ PM1CZ{\rB!*+͜O-V-K2 Pc\nbVp5i%@B(yr,\nB\rc?RBx`I!?mǏxv\nBN<H}s\\?T\'	-;&;;|IU|}*|3-^J;>O?MN0L?Ę({ǀ§]tiݺm!!Bի-E0m/BLfdX*$vvɹc@ޙ;WO3-hiQT!nrXUbba`!TVY5F=%@}BwΛWh1*9!`K__߆\r911T!\rͰ94;;g8!0Ă^BE{Z;FBӐN\rBk||\\$\'o^Vy+/_-X`mP!ёXO=y\rVlmmB8OӉgpJJvttbV\r7-Aר[~CR	xTZ\0!\\/??ڌUJ	4MVv\rN3p=QSS#6RRފ\'jciNBL1&%m]gLHXoeASpߪacccffuիw/\\Cn=z3229@p#GTk7%$\\<G3(VN/^TbF^vaXX;!tIƦ[_NöPBStuu]Ăŋ[=yW\ZOȼye+WN͛9:,b^jb^nCbȳcqi\r6QWW~ \ZCURҶ/BIx	N\rBx1C1wKxrիwxR	~wbcJII)==Z<<@[;j҄zuҸ!!r\rsj##l*deei4\Z0\\!`hllܼy<K;ļ;]w8]!0<|WBF@7@B@Q[[[KKKi)Ch1!@B@jjj#>~_xxs@N!4ɨmIIn4~!g!\nbYYIRRW*9\Z9EG_LQG;v||d_XKB({$wb͚-		bM1\">(U\Z>]**jgb5kTmH@	!pȈ\"J鋕ĝ˗,\\FTC8~$:zWBXH\', ZĎ#G]X)%%+))?!aʕeqq#\"X}q??]@j##+ũWޖfJʦk;^>(?BB8fppPՖ\\3uTb$\'YY퉉x#5UhM˹Y׾aSx\"k\rBz{{[ZZĚb~~ͧ+//wmjjpB`\n̈5-ŝ;w:u>E\Z9 t\Z쬯<xXn}Q|͛juEEYVqENǻ kz{{/\\jF\\#*&*J@\0 \0\0B\0\0!\0\0\0\0B\0\0!\0\0@\0 \0\0B\0\0!\0\0\0\0B\0\0!\0BB\0 \0@	!\0B\0\0!$\0\0BH\0\0!\0\0\0\0B\0\0!\0\0@\0 \0\0B\0\0!\0\0\0\0B\0\0!\0\0@\0 \0\0B\0\0!\0\0\0\0B\0\0!\0\0@\0 \0\0B\0\0!\0\0\0\0B\0\0!\0\0@\0 \0\0B\0\0!\0\0\0\0B\0\0!\0\0@\0 \0\0B\0\0!\0\0\0\0B\0\0!\0\0!!\0BB\0 \0@	!\0B\0\0!$\0\0B\0\0!\0\0@\0 \0\0B\0\0!\0\0\0\0B\0\0!\0\0@\0 \0\0B\0\0!\0\0\0\0B\0\0!\0\0@\0 \0\0B\0\0!\0\0\0\0B\0\0!\0\0@\0 \0\0B\0\0!\0\0\0\0B\0\0!\0\0@\0 \0\0B\0\0!\0\0\0\0B\0\0!\0\0@\0 \0\0BH\0\0!!\0BB\0 \0@	!\0B\0\0!\0\0@\0 \0\0B\0\0!\0\0\0\0B\0\0!\0\0@\0 \0\0B\0\0!\0\0\0\0B\0\0\0$\0\0B\0 \0\0B\0\0!\0\0pS3DY1?g>!]9BBB    \0!!B\'\"<4׫5}}}Q\'&ߊ\0_:tȉt<ȤW;_/()/vdwy/5E>xg\'vk!!o23;-_ѹiSsBc]|WO<񄸎C_?olXشܹFHק?sSN6ի}6BBXa=;z{{-N.]zg̘1g9r⃗^z۶m|+Wo>O<)]+D?{좢\"Eٳ߸ر=[MX<DoŧXc.qOŃ`Ѹf2c(=Dʜk6BBX6)ɤWGTF޽{¤rssEK5EKΞ=+{BB^{J9ƾI󐔤t&#ZR?G/+x4$jfWʤVBBXau\\ZƏ~#istYħҺ|M$](}TwmqqՖЄ=6\'U[jח2c|->\ZBkkxY.Uyo[yX#dnvS[pa-X]#zGFF,6Rml1BB`C^#T&`\'=ʟȉ|MU5B2_#tӟ=yxmն^#Tvtү-G#,,6f	<>B!?=<\nnP_omn\r\r\r=v[ѹ/*ySubv۷w7ؾ_~ѣk_~\\ޕT\\_DMkFEEEJJ$VN!k zkj5G95:g1r[mŊ֭[Nye˖٘Wk<|qQ{${駥UXq^yq%o;s_]Z5h<c\Z?oBB`:C*b꥗^#|GL̉W=pz\'*^C2 Cqw՝^xAڨ8e;tVܦT[ۖ	!!k5Z \0!$\0!!!!!a \0!O>g>!\0\0˔5	q\0\0\0\0IENDB`'),(42,8,'PNG\r\n\Z\n\0\0\0\rIHDR\0\0X\0\0X\0\0\01\0\0<IDATxTTcn4v{&4v&gsd{zmMONyD\Zoy(A (\Z$3\"%(%RJb!,?%9zqffp8/w;w}\0\0\0@\0 \0\0B\0\0!\0\0N߲e˖,Yr=<#CCCΜ9|r3/w}*?nѥRtu.x/]܇._,5ַݻL!R4~~s-9	Bhn~?wɓL)^m~gZwJr:MX:.(pr˟\'L)gɒ%2|[v)}{1:!J?(&{qq	>`HHȅf;^z5))G~˗/z_nٲE^3}̜刻qߖ.3gWۿ[1AwE~N\\ZPPйs91::\Z.Vuv&XBgg{\Z/R#})̔Bx.-7n9ܵk,YppĔ7655I{9i2q,\n.Gufqٳfgm0:	zٲez}>Q\rѼջO?K-BhYgudFH&\ZT?~#Mpw{my)iҥҗCCCiM3\\K?`F6cWIΌ`]).DR|(ä/z2>>^R\"Ftxʙ[̹	Тg3b])񌏏3^zn1>z9%ɫbי̟/51=%V>~-Bz/y9UWf̻t``kqz($})fjiER\\|Bhя~$+?lo&XYg̲O#G0B8HmappyPkʕSuGe?n+H穭vgR/MzZ-Bh􁐯ns~7:gI?	`\Z!piii_v˥׎~_)JKgm;m߾I_^~e3Eu/˙:ʛR/ElVd~3Fқ`g3eB/%-[H\ZݳgϜ9NyPrҥ,yEK\'yH9H{\\^+fR/{1Ҭ0Bl/bM)?g3©ζ^裏s=Ka\r_Ԓ?bէO%9\\#Gh?eEQK/GwK1w!#ϛoiͺ\Z5| ䷷H}7Ensn?m&cѳ΢3FHT*ަAyggt+|fr=ڀ拗_~7LO%um\"3,7ݽA2u6.4Fw]mBB4Gѻ\"cf>aM%o0Ygљ	!!0::[r˲e_ӺS\'Z?S<==.]*z)& U/M7˗/VH9p?t}L_7C8iooO~\"Ƨ~Zzn]:Ή[#1(zt#+눳Up~7A_{K=,:3!$\0M_>t\0BEXXjJwwz#{Np@Bh!=#{Np@Wky\"\'9M\0!\0B:\0\0NTkjjn\0\0!\0B\0\0!$\0\0BH\0\0!!\0BB\0 \0\0B\0\0!\0\0\0\0B\0\0!\0\0@\0 \0\0B\0\0!\0\0\0\0B\0\0!\0\0@\0 \0\0B\0\0!\0\0\0\0B\0\0!\0\0@\0 \0\0B\0\0!\0\0\0\0B\0\0!\0\0@\0 \0\0B\0\0!\0\0\0\0B\0\0!\0\0@\0 \0\0B\0\0!\0\0\0\0B\0 \0@	!\0B\0\0!$\0\0BH\0\0!!\0B\0\0!\0\0\0\0B\0\0!\0\0@\0 \0\0B\0\0!\0\0\0\0B\0\0!\0\0@\0 \0\0B\0\0!\0\0\0\0B\0\0!\0\0@\0 \0\0B\0\0!\0\0\0\0B\0\0!\0\0@\0 \0\0B\0\0!\0\0\0\0B\0\0!\0\0@\0 \0\0B\0\0!\0\0\0\0B\0\0!\0BB\0 \0@	!\0B\0\0!$\0\0BH\0\0@\0 \0\0B\0\0!\0\0\0\0B\0\0!\0\0@\0 \0\0B\0\0!\0\0\0\0B\0\0!\0\0@\0 \0\0B\0\0!\0\0\0\0B\0\0!\0\0@\0 \0\0B\0\0!\0\0\0\0B\0\0!\0\0@\0 \0\0BLߘzf~iiW\"UQ*jm*;MJFez\'T#/OUXxa+Z }덿~H9-*LWǨbTabv{_^9rōFǮYgŔo3XeZrӦn<\n\0!|S{F(S\"Taa{WOV;DM%TeAAǎOk> Mܘx[{Ft	_B1>$֖VP8<v\0!o?|V)B7x{wYCBXfD3gd3#\"la[;GZ-4!!nsNs,M8uu2/JKΞ SͧɭpٿE	<4nnVu$\'ʮ?3µ|yWNdgGF-J7Yw\ZeFFg]8!$pzWgVU)*{O<&==;ۊFxNR&(U%{蟽Pf_!ޗ7l\ZiJ9\"V4nv@|PɫWyIU&KZܭB]=ʲ/!7	9D巘ض!_UP%r{:}	4B_\Z&^u:Vus뎊jd_B~p2hꪁU-9B(o;lKMm߻W!ӟ&s4gM\ZGLP\Z׼]X_j,,PE~.Bi**m :vXR[u/NsP\Z=qq333<9Aۺ6}PUxsx}-)C(Rzb?g)!`+Ǉ\'6\'zLy8G,莉|MDBXDhM\ZgJSP^^.\r!cN\"!ƙ_Bi2+iNŸX\\<<Ah⣜9W5NBUCg|!,V&Hv}	4>jjeRB\\!!N@	}}OTT!!0M\'6H]\'ˤ7<!?ftwBiγwzt*։J5!j	t<Tw@@k}=o!n\rs\nlŸwtB&V*NTl]9bLzz6VRBn}ە+!cc_~Zf\0!kow$w8N\\µ*vP\Z\Z7ZB*H]׮ pr333ͅT\ZZ7}ٓ,) pN\ZfkVIO|BhbkX^@ln~JLpO!w\Z$_X~=-!x\rkZ:&<=kXv@v\rej\'ǧa6 B8gR\'VrBG5:6`:\'w2Y@x&&&6np$VqqgY@HZ[ܧqZgG]II}K!nnv$ݹ\"-,\\ p\0N0yBO*7ndBBػKW.3mB[ӡu55Z\rvJU	n[oZGVVzvvݏ$Ky]Bhۍ[SSgII&no5攝PG?{{cGc	ǟVڔsgB~I\"ЮGzK.&&&6vld&3o?IIb_B	q]wsԩS}}}v~gִոiw.ܞ3Л	!!? =aW	BO}}Ο?O	!!f-buԩ?y|Cc拢(J҂iG	(/m61uN2VggBHC>+WIWy{~\'.CXuz45uϞ=Bo__X3Sշa!!-|,N<ĿDCC%s-MM;Gl|.]eK\ZaMMrx[omvszl]zOǪVi4̶y￯w?~XS2!\\q}ffoomOO[4LS(ug\0be_78-/zs,aFh8{!0I0qB<23	4Jm+_^/_n{B{<G]ߗJeh\ZVXn_|!}GV0E~ӦMSSS9)999R5BrKdkW#lsgC	7!O8-t\n\nͭg+/1閖+~&:>r7q%#|<GޓĄpqݽ0-m޽i)/^F\"&ևG\'<oBX_&x&Y\nF89\"<Y!k\niP!N8\Z.1^Ƌ.A_?JKK羾.F	!4<3k\n!sU}}?܏RS=C+b%/!0_g}BwNBdyg*wĄp/U<̺ˋ!lhXt[wy7[Ĥ$f4g&:\rǧOVlkiۻ7z/~~gFGy⇑?2%?Ws``nVVss=NfBH9|x.:PՖw˳X#-W	/^}5\'+yF=66|!lC	!GXgogdˏ?	^\'<=22***Yy3SSRv;+ӥgJgDEE	-/+{Lp34Ɗ{g<n\'@B+n)g?!lio6ī_|o!zSLZᦌg\"l!t{v^8qM܃򧙿	FOKosQ(JJyF,v>Ɉna>eʟYؘaÆIYBXOڒ&ZBh͸8Rx1[BX;=xp@5B][su\\BXFޱ):ʨСC, wϼfj\r+!t1.++77- VSɕ:֨JJbK!!/v4:s`[+vx$nB8c5nZ7fVBpckZX)lkkc)!]timZTBxda~~hsړ9:Y2/#Ce!.>Q̄Jw&$GRaF^d6%;>-d!1BGŷ2BQBcϭC\nq\rQu&G	e&73Sĉ, cM:؞\"BXPPhXAa+W^JcC!o!Nwe%1&<=y 0r:(IM!У 0̝ЙƾX^qBH1(NBL㼿[׳BB9mMBg0\\;J	!LjRfMB|.>^zu%Bjll,s Y:\n	B{G	!!)>jfMB|C!b Ӷ):N0;!$`!!ẗ́,\ru7رBf1C	!@H]z3<!$W,g$=v%&B755ߕLI{f3!!$0nppP1`$=>BfBBHOաf$.~6BB}&	+[GT*>!$Fu[5s$!tQ,B|EVoI]aV(BB\\I]a\n2B____8HB\nc?k###,v/s$!tqsCxBHqqq&HB:c{PBB0;BE_AQ__O	!nS1;Be_AQZZO	!n*WqmBBCoBBe]e̎w%!!tu[z0;B_p&BH]\r̎uFL̱LfGB:wj9LhfGB:cO!BBjfGB:cSC!!tu*ڐC$@	!!$uC(E&BH][ʷ	ܬ,>B|E¼H]medH!ܰa\0!$B\r$@	!!$BBXu[ӒNppzzyBBԸÿ?,)wKLLTxj}b\'1	BH	!S\rqߘm՞wWQ(_?DAЎ1/.pIN/\r9(F%hܸ!!ʷm=BZSY5YW\ZJ(\r\nnz?BBH	!87\'oʋ>mޔX\'w,C	!!pgjW!)yyNE赚+;	!!l;Lh]#4nRҷey{_KUԴ+_8z{BBH\r>кcu\"%0<m77.4h@Vs[F<@	KϾx\\Pb~~LLʕ\Z_jdX[pۛ;U!d Ս2;ށ^qsj9в\rQM2d!!$ƥKlevg$glh~4Eup(Lɪ*flI^%$kQ~}H{.PX:v+r<BBHq..fGh@M6hɆCMLbEcY2*zBHq==̎oXPǵ=\"S86c[J3BBU?5)}Bn4OWc5؜.ѣ\0IIfG#l\"n4t+ɱN@\0F{{{6	ŕ/@vl~=&{ݝpLyx;@	!n^ej؝9w-G#y$MM?44@	!n0GnmILH́ Uy\r+W!!\rZks90i]o4lEq|ӭQf\0BHqnnHqMGesEcUŮո.VBqͥpvˌOv́-]8Wa~FB&=BH\rJ\rtͩ1d\\Rfi`]`m}\\Vy]СC,+c6/%o\rp\"i[nrc}PǲO	!211QSBGJX>/zxL%9:yLnY	!!WZ_%ܛ-:6[fV;et2*\\veB|/n3<6[beg?6;e,a0X\Z{gC*csl^^ku20BB}cccθ932;V+o4xy]O{H>ԩ-<\\uVzBHuN90zorBf8pڄ@PIIS.0\'4aր7}be\'B\rSB8fBߏ%B)U͖\".яͦwBB\'L1[o\Zfc]IST4Y	!!̈́zG;H|BvgtFcMٜX׾,9Y7,¸m\'<ox:?$mZ],\"O)6;և:iru^c	!!)2fsĒ\'ܴTjdB1َEe!!$0ejjMWְwb\r?3;B\"$$wtOlGIk\\F>B;\'lמLBBS&sJ[NXRU(]b}\"nݔ]~ӈnsrrY	!!)j7n]@pno߈\r;X	!!񩯻qx13ngPNn?LGG8!$[ww=:ulO)es#6){y8!$0ѝ;{5Iާ+8VQD5֬\\i?---e&:<sgq6^Mڶ629quH=X_qspEU*6!$0HӐc8ч:ϊ{}?!!z LcGBn;[sr8Um/\\],JSRx]w3j:jfU}{c\ZwG-.W~|Q|f!e_^UaǫCR_npMnBSSS, ؁c^ܧݣ,5GpElsl6ƙwdB\Z\Zr~\'PeddȣqpcxAgḂVjcp_Pz\0C>6[rlT+n8,LO׭`qq1BNr瓓׸WQldP*?(Hm2Jh(Ѯ\ZJʘuT.}YAqG*eMK!613Bs\".g}~[ܿ?0!W\n$\rfrgcQdYrd.\\\"B+hh7s6ML`s F`PvbUfeWwd@aSSSUmUljU-g@FDysugR0/!f-!o]}a=bVǥN[KJJX!5MOOmtJ{)a\r3+G\n[BXٙ3gR&RۘgJ\r35c!ͶI%\n\0F2B+3KMs4Yq<JsfgqѺ93OO[[VY`Aa}}}ׅ\'o	\\G&em\"9Te !l+hSL	&b=sYBr\nB\Z--c\nfHN>W\nVAaso>,X5[\\\\uV!ĂRջv13w.,,c!PڌEkּ\rX6Ap;D!z!<vK%!DUU\'2cGB.\nOOOTb\\a^f,\n +k^{{{YA8mj{Q433O\r\r\r, XHkk;3#sDB,QhGXXዢ, X|\'O\ro龎zǑ!]9p@|ͰHM-6|Qtbbʕ+v2_3l1d8s!K__a 2yQ護m\ZQ>B;%Hm3[JMaY!hhhuw+8N6%eaY@avP23dVM pCCCEEV7ONNpatvvfe\r23,Wdep(5B8\'G揀 344BtȉOUa%B8*V{Ѡ Z0h+x! BǦhk\\ϘmxzN~РPWW\'?,D px333oq3f|Po6`EEG!3\Z-dlT,8 p5R,**bAB8\'FSWw\r`ܪ`a\n\n_Bjx@@G#jyyyccc,& p644^=@\\s~\n57?E\\m}\n7TaaYY !> %aJ\rpy3%v\Z!\\HvN)RğXmLii)!n|yyWcp\\6c!ho?I9{J[hllBСCIIUj/6\Z((=zϔ\0!(?OKwxy}hsrrzzzx\\t)/(*X *rh=!633cǎb݂8ˡ^mBJ23sSxxjl%AONdОWV\n\nΟ?3[dX!V\rUTF`32g!8>Y\n?Qc]kA`uuur(!`Md_>|ٶJi _>= \"+M12MZTT%6:vSSK{B&?\\1kBYY+ )**Z\\	[;-gΜaEXhؘ+0phYwxxL%$Ԙ(>ittTzT׉Z5`e	T5Nŝ3r>)i5[i|2nĭBsM$P===\nBFѱa͕[+BCOi# \\rrm{(AB~MMM8q\"/Ým{Mco!\rHKےm@6AV9pk}Bѐg:n[@BLOOT\"yNOM-Y-+5e_vuu!4\ZKJJ=3s}J}~~RE	gϞKEEE__ArK撚Z\Z/(胅,Bs24=1uB\Z\Z\ZyNKVwttYYkSS(E3;A>ݟZcN\n\n\n&&&xbddСC99ؘ=>vQQefn6\n\nB龾{\ZQBQy|ժkZ!^+OR]]%֏yB\"գ|Z^ P_8΅+uuuSSS< 0NՎ]M}1/%e[bbU||]\\ܞC!!Z\'o++W#S#AA꒒vfdl2H477k4\Z;#B`>Ěc̉hWZږb1RRʓ+/˧SSJgHO7ǯ(;;ƍS8n]sBH+EQ,21kg?YI/{GHK+Vj/]߯RkUBXTTT__/oll=	ԩ?BzPWWWkkCDJKKwŏTWW766>88xu>BB8Ą-Ɯ?^:õkxc%G-Y7O>SZ[wu/7<?BB|͝!|o^8qtɲeߵ]-\Zyy>%BBBX?O=HuuI%%y0_-]|^|)qBvJudOO</Ｓ]aMMrxFWu酰*AUBBصlwݺ7gfKJ:&BMQAqB/}qB?=?{?xX:X|潂H	!\0|P|(\ndH2\'7^ƞ~̩㖮BB\0}ZZĉ7mG?݋9}d`F^#\n	!\0iOS9\'[omk{K.IO>\r9E}	BHNC~\0!!$\0@	!!\0aZvvbBBxXcի	!!\0+99!!\0+P愐\0!!\0BB\0 \0@	!\0r\0!\0\0\0\0B\0\0!\0\0@\0 \0\0B\0\0!\0\0\0\0B\0\0!\0\0@\0 \0\0B\0\0!\0\0\0\0B\0\0!\0\0@\0 \0\0B\0\0!\0\0\0\0B\0\0!\0\0@\0 \0\0B\0\0!\0\0\0\0B\0\0!\0\0@\0 \0\0B\0\0!\0\0\0\0B\0\0!\0BB\0 \0@	!\0B\0\0!$\0\0BH\0\0!\0\0\0\0B\0\0!\0\0@\0 \0\0B\0\0!\0\0\0\0B\0\0!\0\0@\0 \0\0B\0\0!\0\0\0\0B\0\0!\0\0@\0 \0\0B\0\0!\0\0\0\0B\0\0!\0\0@\0 \0\0B\0\0!\0\0\0\0B\0\0!\0\0@\0 \0\0B\0\0!\0\0\0\0B\0\0!\0\0!!\0BB\0 \0@	!\0B\0\0!$\0\0BH\0\0\0B\0\0!\0\0@\0 \0\0B\0\0!\0\0\0\0B\0\0!\0\0@\0 \0\0B\0\0!\0\0\0\0B\0\0!\0\0`!\0B\0\0\\\n!\0B\0\0!\0\0\0\0B3<<!`U<]YfAae/ҷ\0\'2B+KKKfW\\?DOWYBBB  Swu/!!!	VKo@A!ؽm׮F򗕕<)쩧]~۽u׮F\'\\t}>55e50߱\rݱ|Wۮm޽\n466X}m# Xv65\rDDXB\Z!!]\Z}QF#N-[fz*n/_~M_xSSgD7FH]g{DŚLzzzddB&7)b ۽\"d0`Atww.-2BB<b]p *JсÉOLG[ZZ<==iwK,y3KC|\"UUU&fa.5p\rQs+Sw󝦦\'O_*|q7oV__ZX3?\' ~\\ﶋLHHGHcQQ-(1{Z_67՞ezzzєoիW_z%qVu6a{}^1\r)/))Rx	R)N8p@͘/Gոx׷A7jjz|WSSS\Z\Zo5X\\X;a	k6lS|SRDCCC?SqVX}>>\no۶M^	ӻ	Vn\ZC)o[){̇UzڈIPPUn!!CxhC844J/*loO\raYY9]!_|EiyIȫ<|=r)ZSO=exiV\'ʍMk\Z^uu8-N{̌9-+\"~\\y:BB[#5:I=/_t\\f rbNZ=mV9ۏ{˖-O>=Mƈe˖I>lkZwNY<;Z閖sVH^{& ;N\rVX??ӖXMܰaÑ#G>csBhf6gΝ}4n#\\t<Bht\Z᭵4:\r;NiP^~a9o+cê{]!ݟ\\BB<75үP|S&m۶=7o֝ޡ!^-SH/0\ZΡFoŷ,t*r\rbc;\r399)＼<9044O>vHxo?jjj\n?n&7Eѯ+;ܩPctWW_}iT0odTY#!]z\r\rmeeaٳgŉӧON[b\'+\"7Eu,é\Z\ZjkãFϣVE>q=Śї/KQ}M7ϟ_o4N:u׿Bx]hho(k+U@Yw=X! \r)Rό>L\'[tU~)\n\'\Z% XښFiiiv#,\0Ѱ-[*&#\',HA$!{#8Ey	!!$\0!!!!!!@AABB/8te!\0`nymQQ*\0\0\0\0IENDB`'),(42,10,'PNG\r\n\Z\n\0\0\0\rIHDR\0\0X\0\0X\0\0\01\0\01IDATx\rPT4כ4o&4M4iL&I;wMd&Ӵ\"\"\"!Q@h|(A\\DB!]XB\Z$/->z麻,,sΞs\0\0bw#\0\0B\0\0!\0\0\0\0B\0\0!\"/	7oޜ9sGy$<<\\\'\'\'?6ޠw|)n׭Zt}Gj;/:V{XA>{ｾL&IV|~a]0+ 3-B肯~z\"֣3g0Bx7StBNIB\\B\"o|ɒ%W^-..}駙R!<Ϝ9suɓWoؽ{(}XLbq<@XXT˛|_~#H_]|zLL˗mtww_u^_nG|Ib\ZJ{{K/$ַ%faZ}wBBB.^XZr_DddxAjժ~}vHw|;wZ#+fJ!<b\rM6I֖Tƒ/&<Bxq{N7Bgo6?}x󸘠͛grk?~:C!4E?5<А-_ŖoZyٻ1@	!<ؚ5kL&\ZV>}#MpƱ6o4w\\]V$->hﶶJ?߷f.4Qa[G\'nPzW|oPlInBBʙZEe|}}}wCΖb˷`WzY_X688(? ŒL)իelVvIĔϚvJ7C)o3>J[bzY$6>>!o6ގ|{\"!Gh,3A$]1SK[-һ_~3ywxWwz![߂suTWW3BxfJ?4nahhyPk)iƍƟ^B(3t͢^{MZf߾}TyP9Gjԯ	2!wy-_o:ˤG2B(D[[[JJnBqq襗^Rӧ?Ov۷owҗW_}fe{;S9Gj򮈍Ŋ8v4Ǵ!.:B{?,eB/yP~~t}NOq ug.;ЈrwE+MvF66&>c9a\n.S\Z&ֿ߂Ni. PNSNO?T:^w͛Ԓ}ekO7~G̈́,;E/D,g6e{P>JR[o?ܣF-ұS6b˷`Om۶,Ybףή\"$PIdԠKK/~㯽WfK[˛WY%`M5?- ޖm>#7O]g(Gy>x-߂1_-:&\nlaLLc=6y承S\'Z~JܹsE/$\'\'͠/::Z6n|f{~ZyMn+G*bf\" ~el|A8U믿>%zٵ0!$\0lMn3o ͔6y\'-pBh|=O)[\0!oK?5ENS\0B\07p/\0\0gk!,//\0rB\0\0!$\0\0BH\0\0!!\0BB\0 \0@\0 \0\0B\0\0!\0\0\0\0B\0\0!\0\0@\0 \0\0B\0\0!\0\0\0\0B\0\0!\0\0@\0 \0\0B\0\0!\0\0\0\0B\0\0!\0\0@\0 \0\0B\0\0!\0\0\0\0B\0\0!\0\0@\0 \0\0B\0\0!\0\0\0\0B\0\0!\0\0@\0 \0\0B\0\0!\0\0\0@	!\0B\0\0!$\0\0BH\0\0!!\0BB\0 \0\0B\0\0!\0\0\0\0B\0\0!\0\0@\0 \0\0B\0\0!\0\0\0\0B\0\0!\0\0@\0 \0\0B\0\0!\0\0\0\0B\0\0!\0\0@\0 \0\0B\0\0!\0\0\0\0B\0\0!\0\0@\0 \0\0B\0\0!\0\0\0\0B\0\0!\0\0@\0 \0\0B\0\0!\0\0\0\0B\0 \0@	!\0B\0\0!$\0\0BH\0\0!?#\0\0!\0\0@\0 \0\0B\0\0!\0\0\0\0B\0\0!\0\0@\0 \0\0B\0\0!\0\0\0\0B\0\0!\0\0@\0 \0\0B\0\0!\0\0\0\0B\0\0!\0\0@\0 \0\0B\0\0!\0\0\0\0B\0\0!\0\0@^\ZG\r\rwnҒӨR5fd\\ɍW%7JJ׫x1\'i۶ݻ{nmio\0!ܭy/:տwoZllCDD+Vt.\\_Qz)ogo0 ;$=4Tܨzʆuvz/@k#h֮ma[WgrYVBh}-Zt)(-<\\԰qcӮ]+} ^;sJAA{FFs\\\\V6\\BaZ+,!-97С&\'\'ppvhOJjl|N)d.\nj^ȑ˗ޕ+\nmffKllCHHL!4ىڽbE\r%%^/\Z=iiQQ=!4c?ՃBxɒWoBh\\ĆuAAT\"!!wV]=~}ʕꠠY߬P>Cw҆r\rBBzհ}&>>>Y쟛иQQyyl B(ӻ^Ynʆ%KܡBygd4VV^x絪ԚV_	J{P\Z㾾-ws!ࡾZEEϚ5U˖id/P_[m%G!I	,+&$T0B95}}<@?s\'1D``σB(+k\n/^BꡄOIǅP\Z=={xBRS<bGB(,mKJj=|\ro·(/ҘmڸQy l=5t@ON!\\Gk-xtBiOikRR}eNB`fODFЉ/T<JA2t\" `P	TX*+\nB8__+,lhQ̆RC(]!/WqB8G\r]{NJk͚RBvv6	1p8?\n/sB8fddB*5t@icFF<Atw&\'W(4;*qIyyW\\)!v\rAi|dnnwzaݤ6mhRB`*##\n=JCҢVh!L\r\'\'\nzaYre}e%gVV_?[%O\nB1F,ٳkUVDDxK	ۼ\0MUQ\0!ZyyWHHw&C(~ªNǊ\0B/UVֽlY7WC(JZu!Ύv(!jfgs!!J6!tlTmv!!ݝ^x!vݴB[ !j\Zf5!buxu	팣Ju`g`S=!vBB(́-)Am?@NB9N\nb\'	_-[!bbZ	co߶m/!<[o5\rб1ph#Bx+WRS||L^XؑX@yCFF9!݋4=:B_)Y<1QѰZcVKp0&< =A8%N7­]:RϼMgbXQTP099ɊBswI8jѣGY@P2]}0?%?fu!鏋ka&3=X$g^EgfL2QBWodd^^W_![=\ZxjrNLBB+x%Bҡ[(;-O>a!MOoff&XKb6qAQB8[c{rrYY!!fV;eB&5JOommee!,099 !q<6vÆ\r\\LńpOMMݹs\'$!\\JӥsemBsֵbuk	]YYY3MBB__ʕ !tqúuf!+KmTgddbfnWx	\rbA1\\Gx\'*Jlvttb>ŵ	iiz39+BFZf!9Ӿxɖ9ii*jttuΤ볳$Qx1V[B8ٳ<;H=e0;=]ppp5199cƑX6\nAL--]#LS9*jhhNPXȳơUFCXAq{-bj%5tmLk1!nKee*!ı3)It7jT	\'BCE3339m]hIzؒ*ZXWWǺBGm8kz8\'mFn\ZMOT)!1~:^	Bc{rYAav&RB\\DD\r\\q\r9{y..J=~.xch}}=5!PZZ,J1JnP799ɪ\rBgeu0Be0iFa!MNRKPIC;ZYY\rBb$J\ZnUTPB\r\r\rm~QBѶbw\nA1=1$PiPwuBLE	GڵF9!$Dq1!\nGccBB)iի/1mB@)Lt:D9nf}VV``e\'ۧf$LbQjY	!!\\h*vEEI!lhh`}\'tuu%$\\a$J_H!,**b}\'=c$>>لDA	!,;tْ*{H!d\'{41UBex)555\ZJB4!!$0ܼr%%\n#RU*gBB[52OB\r/ˊO	!QN\'^1RSBB۷Izػf\'NBBt:Ν/!Qr¼<}BHqSoooNN?$!qHH7z=?!$%>CF	w8*BB븸\Z!}VBHq\\\\z؜&՟B\\w0Bohee%?!$79z(NJBXXXO	!1=B/6Z#\rHgr\n\0!$ޮ7+kzh\rC$@	ez$3l®.&BHݍ`20=B<I*9뮿ފDHh!t0eBņ0##ڵs822\\%K	\rr]p*\'$BH1׿\\BFBmCaii)!\\.e!$s}G2f4[n%aa\'QBH4gBBuc!!f?9s\'~x\\Fwqw}}>ZBHnds,WPLūwm2].1R[lmw;Λ]#;;g7BH	4	O~wY=n?{6лBS&gLj~b3q˖Νst_/xCE;EA:sf.?^˓\"#hqјCpϞՓjBH^]]{_WWo󌘂\r[&lC+WV7?w͹s/-o%>..㗿|T!iI_=qCxĉg{WL>ӎ_(3lx@oQ4_5%!a.~]-opϏ9{jog!ƃe>cjڇH;_&Ri{-BBpLdPlbbx6{=<[&%mwK<zZs<ģMڕ!5ryP$މ[2B\rxQkm3g~$,NJEHm\nsO=ؘ!C;A\\EJҒ>ǅiBHnlVV\"xi3?V?O,NJBBh߮Q#4	o#tqogfp!!$2seO	ɓ{|L;!$!eb$ݷ!t񗒑255rժ \Z.\raX#!1hqu:ODb\"Z:m\'	_Wvy&ׄiժIGB=cxbNNN`EO8P!~3\rٙ1Hgu2f\"O8b$\r!\rJE	ׇK\r2=B#\"\n2	BBocz$3ꢢ1	BBژ	72	BBkrN=!-9Y!!$QBHh䧤!<r3\0!$;zkjj!!3=BWniia Z[[ƙ$	7KAA\'jZf\0BHqIz8gt@	!t&IB\rU6!<Fe%BۍΝvALfCFwźO	!njhhc$\n>>;vuBܼv-B ljjb\'7\rh*	;F4\Z\r>!$ITI=^m+WBB;~zϑ2*CF	!!-jLPcxsCF	!!+LPwR׳BB[΄I:B:z	W!GBBΞUL2gB\r՗rrrX	!!Z67&!T\r5d#MLL0mB半677BBNe$JFg\n섐²x.:J5/6`ff``e\'\r\r\r\"Pɗ=|0k:!$SLPIc\'NBBkj%\nc022jN	!f(!T~Ѣ\"qBH1CB	2FEkjjX	!!;J=~c\'ٱpB115	!!jk[8zMMe(!ӣR1B2/\nB}N	5`^^EAa֠ ^z4z%\Zt=LG]t~ѡ!VjB6&UBc˭ɔ:iiC̫гFҥo/BUVRƮD\nfggOLL.A]]]#̮S`@d8Lerr79zسfa2=!nW[[;%zq]vq !n^/-BB\"!dsU(1Bw#[+sN6ABBa pkBBCs(!Qᣄm[/-ڂɺRRu	;;x`aaӍuj&^Bn(9ds3?78$Ĥyyyz3LaL p)N}{+0!tABB}:2+qYc2!bbBn>t\'!\\d```Z-1!W\r\n2J\Za!:gN&rL12 !\\Mח41-B׏L*Ѓbedt.]jBGG#!fGMMCP&.\ZOܹs\'T!l ݻ)f]\\[R\r&b6ggpGۊ;EXA1yG5\\Mg3N\Zב!ؿĒ%<YHg|\nfeeq !hqq=6!t\\\\hpp0\'qB\'WXoSСC!;jllٛ:k?5;>>B7uPҥW	S\ZMM5?_\r`0UwfrBx$11%@\n\n||x!{B8b\0Ç !<pVsB04<7+!<Vۗ.:!whUfTTV 0|Nm_&K9a\'6,n^V%Bx;CC/1i&j;Bo\n܄p1k~ʠPZZk\rB!\r̜O-Vp\nqB(Ju{lB\nn]6!]O1hQmAQQB(ɓ\r!!GJW1CCC) P/\"^~ڕ*888:B;}݈VBŋ-/HA]Ν{?&4!ѷtkr5BxO>Y-|\nG˗oB/u]~~PhlkJHǈrt!ڗ_~nO	_k~5\"uV!ge/_Iy|K\nv1 MEEeVp*ft/[BEE^Bܢ6)*`TĨ,\Z# e^je>!;-ڙd1*9!`\ryT!	Κbwhnnn__pB`zccc%%%II;	:9t:mBVj:%ekTTNW^XdC:^bpFIJ*	$|\\̆)B8NӉGpjjnLLb6\r¾͖^MIsNΗ!q\r;BB>&nTS$PR544p!LEEEYWY84TpZ?XBF}}HM]3I]/A1q1\\2YCCC;wsnr+kƈS#=#k\n4lmm^NfޥK\rG6LfN\0!\\m||ĉ**=}Sb⮥K{	x2&&k+euAtʕR1#o9	&NI̩Ű/pZF7%%\\ӝq-ZTo=[nBy);;[mHJ*8;Am_.^\\j\Z9.p_\r\r\rP}ժË_!VƇ%II&ԩS\\8\"b&񔔭k\r\rpnBomIMͰ*33NHy\\uԔ+Mii.]HPEoa¦D뇃\n999jZy,`0nݺUߥjbcV?\rݝ.PEty.PΊ\n>--{V?AL$PzC\"\'$\rm) _.^|::z{r?Bx	XYY)`իcc3±E\r3!!w__/Il%M@!@{{E;vmAbbRot+;+KFGJJ*XVeO07Y)tXLJ%Uti;Q᨟_Gh艘݉bo=3fB`\"j4\'N]L%-mSjjNrrQbUފ70o棕N;8)\"*&UklONޜ)=}΂8rHWW!$}***Lֺul1RR׮*FRҎx#-MzkǍ]SRrn|RgB0n766\r\r{!bKhݧرcmmm.]B %#k.{\'(_kk gMccc===UUUGko;OߺukiiÇ655i4+Wt:^	 l>N3}}}bby6\0B\0\0!\0\0@\0 \0\0B\0\0!\0\0\0\0B\0\0!\0\0@\0 \0\0B\0\0!\0B\0\0!$\0\0BH\0\0!!\0BB\0 \0@\0 \0\0B\0\0!\0\0\0\0B\0\0!\0\0@\0 \0\0B\0\0!\0\0\0\0B\0\0!\0\0@\0 \0\0B\0\0!\0\0\0\0B\0\0!\0\0@\0 \0\0B\0\0!\0\0\0\0B\0\0!\0\0@\0 \0\0B\0\0!\0\0\0\0B\0\0!\0\0@\0 \0\0B\0\0!\0\0\0@	!\0B\0\0!$\0\0BH\0\0!!\0B\0\0!\0\0\0\0B\0\0!\0\0@\0 \0\0B\0\0!\0\0\0\0B\0\0!\0\0@\0 \0\0B\0\0!\0\0\0\0B\0\0!\0\0@\0 \0\0B\0\0!\0\0\0\0B\0\0!\0\0@\0 \0\0B\0\0!\0\0\0\0B\0\0!\0\0@\0 \0\0B\0\0!\0\0\0\0B\0\0!\0BB\0 \0@	!\0B\0\0!$\0\0BH\0\0!\0\0\0\0B\0\0!\0\0@\0 \0\0B\0\0!\0\0\0\0B\0\0!\0\0@\0 \0\0B\0\0<,\0\0(4!\0B\0\0!\0\0@\0 \0EJQ\rBa{PP RRR2228WįRByT  \0!$\0!!!!0!R68P_\\PV6cq/Y\\\\,[RR_SOIoq&o&N24ח5X\\>{Ν{=DFF\\̿w~\ZqBBn[DE][@\Z=aaǎY}Q Λ7T외|?oƏo|\r]9v|{N]lhWY8!!n+b[Pr\\A\ZTxjvmm<)b{qΜ9<%͗={tEl\\BdIq~ߖwǏ?sbӧOl޼Y8?ϗ_~YظoK=ħ|W^@\Z	!!p[!l04!ђ&ĒyR~jxѣbjeL܍/zE**,}C&K\\vmeeeϭ{ōC+(\ZD/EEgI\r\'OX`ۻ=޶mmDqBBV늋-ajg}Vک(fy5?;kOcqq`Qwyh/oK{MySo7.2|ꩧo6qBB}xs|L#rbK-.NEozOO<[|2T+̛7Oڰ# pE#en>GٯZ,X?xRYYYl	mC8mE.^4>RF\Z=Zsb9¹s:B]Vol:k3Gvqq-UUSM۶m7ol<)}ZVlW3gѼwA-rzZVT:N0;;{0<<>o:t瞓>(P(//h4&\n?57Dbp^.hlرCo_o)?o?xR>y?.D&HXsFlڱa>uooeEq?_y;-\rիW_|EQ}Q8\'/M7Ν;/BBB8Cmm|%!]!#BBBBBBBBM/PQ\rB\0wVF\0\0\0\0IENDB`'),(43,9,'PNG\r\n\Z\n\0\0\0\rIHDR\0\0X\0\0X\0\0\01\0\0=IDATx\rP?\\z59/iKergrNzMdҫ-\"*\" \"D\r(j슔J)ACW)<Ywewa_\r=\0&\0\0B\0\0!\07x˭A,YS[+]Bؗ?~~~K.]hѷGy$44tppP>ٳgSRR-[f4<=_ʯ[ea2[zZgbtaֻyy栠 nnnMH~{鷿mwwwfEaJR,TPiBhnBؘh%~bz!@,Nb#[/L3{kк#q sμ~_.((hyyOS&1Bh\"i:rm;v~o}(8Xy_xCBB.^8~ڵkIII<_r劙͛oߙlfNqٲekssѹқTWΞ=/\r bBޒ&ZPP6tYp*#.\Z7\r8`g̼g0 %NJҷ6/oŅa#[b\r6ĜTڵnsJlx61!{NJfQwt3Ν33;\'{ц-]T=~BhxGNex/_lY_&26kx;HDA&NKH/^,Na۬-???	!&11Qo؉\'LσgϞOok#3_\'b\nlkkN򷝝3G6y[w$SℙӜ7%%%ҷb=LVjooŊ-BheWCΜŜ`g,z}k\ZIg{AsKC8::*ba#[ccc륗^2M\"g}Vo+ͬ%WCŜ%3vg#5QPY/QbCz_o㛙GH%_Kh47Mot˘7u[$Bwďcy[Vҷ=9Wa֛Ȣѫ<oSNI߾˖!!!r=Fa5b~B2)\Zn2d֭`!fԫ*fngl<{77޷_=b!4zGȗA{9WcͿFoq^q-w?_MkBtuu&K7SZRi-8qB<M֝mf/O\n򊙗FQ?bߙ2ϴ7޷&f^[!o\0[-\nDs]|Q_ǿ\r 0R,Q{u<I2J._%IY_\"ne3)_i\n}K+f.oRo{1YaImR6zG̴iTML/^Lsw&^$9O YQy?ޖ6>3=O{{{6y=zTU/[F7Zwt_|)&JU_3m^&41P999;ج{Ԩ!\"])hE!GyD?ú;5LGFHaCbHoנ+C:Ͽۿ?W?5x|,zK+b?ߙJݘl3M+;~wt9nlMjitA<<lB;B4^zAd̗Os,\nE *.xZwҋo_~eg!!|0::[tҥK}||tSĂ-4Iyzz.^X2$$D%~hsxl2Hyجn:t*lpn?~iC7vNtH<rE<(zwt=+%KDfܮE!սă\\>BM\'N|T&BB8c}\'ݺ{.UXP\r !PIwuuɛ[ث`\'7 z s~^^^x-UB-?bB}8^;!B\0|u\0\0ZUUVWW\0yB\0\0!$\0\0BH\0\0!!\0BB\0 \0@\0 \0\0B\0\0!\0\0\0\0B\0\0!\0\0@\0 \0\0B\0\0!\0\0\0\0B\0\0!\0\0@\0 \0\0B\0\0!\0\0\0\0B\0\0!\0\0@\0 \0\0B\0\0!\0\0\0\0B\0\0!\0\0@\0 \0\0B\0\0!\0\0\0\0B\0\0!\0\0@\0 \0\0B\0\0!\0\0\0@	!\0B\0\0!$\0\0BH\0\0!!\0BB\0 \0\0B\0\0!\0\0\0\0B\0\0!\0\0@\0 \0\0B\0\0!\0\0\0\0B\0\0!\0\0@\0 \0\0B\0\0!\0\0\0\0B\0\0!\0\0@\0 \0\0B\0\0!\0\0\0\0B\0\0!\0\0@\0 \0\0B\0\0!\0\0\0\0B\0\0!\0\0@\0 \0\0B\0\0!\0\0\0\0B\0 \0@	!\0B\0\0!$\0\0BH\0\0!\0\0@\0 \0\0B\0\0!\0\0\0\0B\0\0!\0\0@\0 \0\0B\0\0!\0\0\0\0B\0\0!\0\0@\0 \0\0B\0\0!\0\0\0\0B\0\0!\0\0@\0 \0\0B\0\0!\0\0\0\0B\0\0!\0\0@\0 9u?Oj[p㮾]E|U\Z՚lUv2-A O&23UٷF^lee_}#W;:&j5-@/?~WvcT1a01BCz^rcWB|㪷_P`exxkl2-MqcgYYchW?Zɾ{\nS)U=|G}ݧga\"&@``[TTkj}3g4~}Bou-[RRTQV-{\nrw]kMJj-(mh#;s7WXTFu>qOF!WV&\0!,3;wu<0-#]]Z;\Zw89_WLktӺٺBͧ-s(\"!!DIE_ErKr2|oAB([ʕɪ.H\0!$p-_ՓmQ-Q~#~ҿ\r<WYZQ[; N*1Epwtcӳ=:h	!:/wnTnRE\\[1nj~B}qƔ)bMfW	ojӑUS3q\Z\"B!A}AC(e,+q(Ba|~J\0CP>Ĵ74֭7>G!`kMw(!sQUuyv˛_\'K(	tJCRY9k-@qc+W@55m>FXHsα]1Bi\\>fMwKCB`|<Ba\'wJc80pQII^7:BitŵMOO!lBUW;PMRBVNHlJp:YDBXxhujgJSP^^.!șN\"!لC_Bஈi23iNŸP\\<g<ApÜC9W5NBUكx!,R&LvBifRB\\;w8}]\'b\\=YQ\rAYn<oE*:!6l0:<0Oy,Y%x;)G;!ЙXUJm!j	tz:!nk	s\nlŸwlvތ\r.MTw\nrŘl,)PRBn}ە+!cc~Zf\0!kow$w9掏\\µ*vP\Z\Z7ƜZB*H]֬ prӅMT\ZZ7,) pN\ZfK	O|Bhbp5,/ p6>YX\r_&{B835N;Y{\nBs__Xn-!ݺ_5O-㞞yy,; p:2B߃ǧ~V B8w\rgR\'s+W6rBG52:`:\'w3\'X@x׷w$V\rqqgX@HZݧx<!w%%},Y p{T{x !+nܸBpth7!ϯr^\\B{wtmBhq&4ZղNg[T[	7|e\r:ҳ~$9M_KgB,ܒ8LO2uCx1|dg:3;TMm=rƜW:<jL!$v=W]|оIh޶mC,&%EI+!$=#Ǩӧ{{{ƬnvyB8,HN>8c!\r5ɈB}\0!ln\ZLs|뛗uBH	5CTnOo11dݕ,G\n᭍l%`jjQB(&8ۭ[ML>UBϧz2=}J>)j4o͚ûyy>ޟV\rE	Bm -MMݻw˗a}4FgBH7<?O</8Q_qLo~DsccѣzŋmaFX]8曛.qNqBKXU*СC4}nߋ\ZbJ&5a{:oi\nP}/.N˻ܢ;K\ZNDsa!!LQX&NVf8!6R(O>9pJK/[3I?|ѥCTVݮjڊk~OjuAk1!\\oܸqrrR<&Ń3\'\'~([#T*7GFN_}1?4=ax90~BzϤi)(7%_by˗\\tN)>2mrvѢU>a5;dtt4>>رctS[731!\\ءvw/LK۷oxXKyӨXD15ղd?ꮟ4=ax90~º4<GƫR5fU<:uw\rC_- ++\ZXCp5B]bY*.!_?JKK__˻ѹE:40gfZ!b}Jqjs綋+V\rC(>Ow\n%\r%r=Sﵿg&&v_3k-+JH(..#H\rCX_x\"[wy7[Ĥ$f4g&:\r\'Vhkn۷/z?]uzEEyG?_	~H|d!aن¹?zYw}!jl$zᲵ^5fB8?^ygkggg:_m:BB;X#`\"@ofzeL҄/?V㞞yv!ffg(vWJϖ4E(2[B[W^Q<Lgh+4Ϥy&2rN2?W\\v~B=e%}ڲDCmuPw3i32\n\n\njO2ХC_N=;9N\\3_A~t߄Z駥bf{\nRRjO2b&$BO٩gV&<&<<6dd_~bbeV~J[YDK\'V\n?bBkzmiP:ƛɹqK.!ClkKeSxa^BX;gY=:Z˞BBXVݡJkT%%;Jk%0pB;|\'nB8nZ7fVBpcKZX)lmme)!]|yM\ZTBDda~~!ISk\'s*!t1bE^FhaGG2!B<.>ȲJw$$GRaD^d6%;>-`!j2BGŷar!juA[(!t[\n\Z!,P1B\'xL\'O\\;n2IƶFâ\rB\\zumZfPBr!,p/3(!t1);Qʱ*OBL$5U!Y&\'\'7ob$4J[G{zzX	!!,F;	3knoc\'׺ a;J	!LjRfMB|6>^:ǒN	!f4::ٟɬIotH!QBHaJ[GڇY:P{xHo1SPPQBBm˔IE;!$`!!t݄---,uwn߾BnbBnAyBH\\YLI{JLd7!!$0nrr23:8nBBHabTLI{| ݄B]=LI]xvBB}&	+-T*|BH񍝭;#	+d)\r\r\r,+jz[6HB\ncB!eB|etttZHB\ntXBB}q7#	+a\rBB[ڼ^̑MٳgY	!!-\'T\' 	_şBrPuّ(uuu,ZU-#!tQ+(JKKY	!!-*n[oBBSSSee̎_J(LNN2	BB7lfv$3\nŋLC	댶_S/1	BB3G3	댞U3	BBzzzǣ	??9BW3;B㞞r>$@	STLՆz&BH	!!$B1-2	BBTɼH]mfe񩄄+ͪfEBj#/#C\n!!$n&BH	!!$B7쌼#=6SSSBy}aIcb\Z=<&CU?\rY3BBH\ZixlOL9!tŊiEuH8<)ҀFPT͍b|y#%>%k՝uʁn6_GH	!!,c݁bcOkg6&~Mhw!Vo35Z}x+]9\"`u\Z͊ܜ6cjK#4n{Rҷ\rnWpZq\\&|uǪ6EJNax[nnZkѠY?\\\rl#4\Z\r\0!$./z6A11+VhEV#Zcw9W\r!\0!$nxxp^8-7>fn-qո\'*[n*,BBo\\|yKf9SZ䌭s)MkU8FST\\&BH]DUw\\vv$ҹ }H[/pWX:(r<BBHq..fGH@⦍6hɎCMLbEfdT$\'	{U{[6>ֻI1{Glf))r8@	!nQav4gw`āԤm;p!]zOP0լcSzcǎ1BBTMs;\Zґ(K,L:o4@	!nhC g)?:%qMdOs\ZIN0BB7r##vG<:zrcܓ_M?88@	!n0GmNLH݁ Uy\rիW!!MZs;s;0im4CۊPۣ.>^7\0==̑c>:@v쯊]qX2#.\n\n)䝎;ТfKW~2,ΕC!IB|CRj]sj=Y\Z«_#\0kt>|eB|?s4EV77mTx؍l X	!!W++\\ƽb*E4OfBؽÓ\\:\r\0>!$VuenSԸν;Тfˌ8RF]FׯBBo2!mk?fUlͦ{L~~xǂO	!s݁Eyy?ԩ26YߛmkλLBhA3̎Uʻ^^7RvP8߇:nmiia\'	_Wd%\'d{{Q8wI(tuڑđ2 p݄Aݡ	|@p8 HBH̻	}?W	kdVyoq9lz;\n\n8RB8nBIڴ+VL0747ãfaCC;!$0NY稯<\Z])ݲX|.\'i_V9/KN\raWW;!$0dIϛ;!I7O%᧊Cnn:EBBHaJ___x/d]x)77-9ΘlGyEߝo1BBHade{:p3&]Zͫj}Xa:! c|b8HZ5Zھ.a\'|)7dfꆰŜB7gSÒ6\\O%qч*N:\rV0\'\'gjjŜBVqwQ1\r\rpw|no2N	!fw:P3=>uww5W^ʌѽ*~.;PB̮i\"r}}H#$ݍ-c^^]Tg\'fmѾc_:ic~P{tǊӊqٚ+xRnBHaʓ>7}fw%ߤk\"Pؚ5nn<^TRhBBs\r\\,݁1;<<&}ӅC]O\0!e\Zsw`ةb+)GxjS||Ģ4% +QSQ0c\rN.Ձ.Cu|LÞx5o5wx<P27nܨ謰ts7~GfTa^R07{\n\nNNNPbzbrrnHTB]s[Xt6&8<Lf߾}, 6[}\nUF&n,Ձ\"&XyZw*^a``sjX=WJ(Yd!7[rlT+8,LO׭`qq1BJrטWQCdP*7[_Pa2Jsh*K#4nٕY(c!!+^?Tq7n`A!]Q17b6-	Oؔ;D0%Cq9Ss{sQnMMMmx0B@B.&w^b\ZPTYwŋYAammfFq5)	dN,X_s9L199YZeXŚr^Ȱֈ{ 1o{ֳHJ[\Z\Zb!̺0䝐-뼽1w3Ä};ҧgP\'ý%%%1:	WÔͰKG\"s`?-!ٳ))zېw\n\r35c>ޛmJz\ZeV&fjiY1\"DbCgΌy~adD˦O==mNK[b!MZ5\'p՟l5cS\r? 1\'0gga__)!lhdd)a#9^+**X!ͽV[x0caXffnqq-[x !Z޵#%LΝ;kkkY<A1Ox+mƂի(~QMB̟n|?~j||I1#!a^󧦦X*A1ߺsr2/3sF/===, Xǎj(WzDB,Қv&h*cd^ʒB400PT4Ͱk3(2Bw**JLͰWA1q>2 ݙ\ZņEY@a/^kW5#.nogϲ܁¾v3[62:za]W226UσN\'55\r8ð[	,k _-_23fiSR\ZVntttv%S9nF||a5B088XTlΘۈh1<@xbb#+k9aX;++R!38y5>~a +KdrrrY@ᐎ=	;ü\n7΢BGj<D漛z\n>|d@4\ZM~~י3\rOq\Zjkk㇅ozzz>>23:=}a+**xB81B\nNTAZ͂Bgkam!2f`QQ/!sh4}}/\0\nVƍ,, pZZvR?Fj华[X_߸jU?=pIFF*BWt\"<4Up~V:*BܢR;B\\gee 7+4DGdqϔ>V, p];<<&InbbU1#\nB\\69bey<!Fm[ex)\\.ci >T&!N946NAرc|!`\\WWWFFZ-F0yyEQQGZQq͡F_)(;G8!0۷lq6jkg*I JefV\Zccʁw%;AONdОWV\n\n.\\#dX!V\rUTF`_22g 8>Y\n?c]kAqguvv9;wfdl{\Z.gi1q\Z!`+mmm֭KO/hqPLLo&T*VAkbCLi^&?\\1ӶPAB`twweeMNPtw)gϞeEoؐ+0phYwxxL&$T(}6iddDR*W\ZL\'PB؅9\\cwP\'̶9~{Chm }h4Z\"4􌛛9\'\'W(!ɓ\'z-qqo4&I	dw !jukkWݧ<)y(nF܂gjjJRszjjq||A\\XhIN.3T)nFK h4b6/))u)),H$KLW?{6!ʅ8 M#1546vPYDhh[b_!\Z\ZB8-Z^ZZ;geIMݬP! 6@jjIVV9+((hmmBÇw\"#cCJʶ:EF!◒R!<744pQSSS3,E.2ʕ:Z!6{Y\'ٹsgggX?1\0BH800 V#+kMzzHNBBuLQ _ߋsKB8ʗ^hfO֊MNNrB8V;::ZVVft5UƼUqq{r埽X1=zxLnJHMJڑZG VRR$2hFVVZvvctBHkNǏ7\'z^iiSSHI)ON/\"NM\"!==;͏_oo//옛7O;}	!!EY37?ϳM).##--B2V{徾>Jo>K¢:|l$&FLӧ?#BHa---*-->j!^RRsΆgqD	!!iq||\\kdddc.\\ i!ln{ѥ͓O-V=cYǅK#!$=ϧNλVgΔ,]}ۅТOBHBٹ3iz^Ò<jbaaˋ/:q\"__|JP*7??:UVW\'ftQ^Z%!$]\n\nʆ}	q׭XSf/D?T[\\i-?\'?\'Dv=*Çsugyl+\rb\rO@&N4J+sr#e痉99y5BBH`Bܜ\'NG]*Vtə3%\Z8PTFHNCxzD̉:Uh~|sX[xQzP#P)ZOBB\0v\ZB^GHBB\0B\0peg\'&$;XB\0ӎB\0Z}1KN	!\0B\0\0!$\0\0BH\0\0!\0\0@\0 \0\0B\0\0!\0\0\0\0B\0\0!\0\0@\0 \0\0B\0\0!\0\0\0\0B\0\0!\0\0@\0 \0\0B\0\0!\0\0\0\0B\0\0!\0\0@\0 \0\0B\0\0!\0\0\0\0B\0\0!\0\0@\0 \0\0B\0\0!\0\0\0\0B\0\0!\0\0@\0 \0\0B\0\0!$\0\0BH\0\0!!\0BB\0 \0@	!\0\0@\0 \0\0B\0\0!\0\0\0\0B\0\0!\0\0@\0 \0\0B\0\0!\0\0\0\0B\0\0!\0\0@\0 \0\0B\0\0!\0\0\0\0B\0\0!\0\0@\0 \0\0B\0\0!\0\0\0\0B\0\0!\0\0@\0 \0\0B\0\0!\0\0\0\0B\0\0!\0\0@\0 \0\0B\0\0!\0B\0\0!$\0\0BH\0\0!!\0BB\0 \0@\0 \0\0B\0\0!\0\0\0\0B\0\0!\0\0@\0 \0\0B\0\0!\0\0\0\0B\0\0!\0\0@\0 \0\0B\0\0!\0\0B\0\0,!\0B\0\0!\0\0@\0 1CCC\0vO<PÕeVK/}^=@WYBXYZZZvv6/ŅTpe!!!!!!@AABBu=_	!!MhZzBBP=-孻v]0:%g?+//|gLLaO=ʇ?&&&~>=-v\\4z?WŋI[uО=-Zw\r\\laWkF!!|?\"	<t裏j4\ZqZ|]tFݮ\\ϛ㍍__!!u\Zik鑑B\\ƈ򐁐C[|]kdε# yź`T\\A#:=*N777{zz;#-ZJg]0<DLb]0*+t#z@wɗS;wSNTĉ6m$׿Wr)NKgpO>)u.~1!!a!EGyoDc>Z-Vg6Şmjjjޔѵk^z%q_cccVv6a[]^6\r)/))Rx	R)N<xP3͘/GŸtյB7z|RSS\Z,X;a	kׯS|[RDCCC?qȑ#/_m۶^y[tn*]+\\:c{yRU\\BqⷿjqQ򪫫}}}ŭQXXhݪ{o?l$((*׎!<Y^n4ee!|gb4:)[k\\yI!,+k;)|/{bHBqZ^gҽ\"< %K+oe>SjWdߕb^Z۹s8-N{U\\pqbzzڜU\Zhff׎bkjNR>+W~ikll,77WBVfZ#Q+b޼yO>iǍLġ1bekҥҪ-B8\ZaFh^i2RDZB855lj\ZkτujaxIj偁?;m=z>2\'Fo6Y{p2G(zpsUkV˃it+>z^HiqW^/~q9o\'~bݪ{M!ݞ;\\BB<\ZmnS(`llGSL֭[xM6N[wX(	\rs[OAl@SS\"##srr&&&\'~{9Buuu>B\'?Ilr;}\nMwx	q_{5Mb|_2G\Z!!:/^lo-+SԌ\rΝ;\'N9sFw+O<X!(b cNFoc/^o++kQ\r=Z-kBF7\Z±_WA7.\\x3MOm޺Zj5C#Cr ڬ,N?OcC\n3w	\Z]vM_B<QBBi47<\rۼysaaBhll}焅	!!$uuuwzG w\"!!   \0!!!!!!@A^|{\0!, \0\0dT_\"\0\0\0\0IENDB`'),(43,10,'PNG\r\n\Z\n\0\0\0\rIHDR\0\0X\0\0X\0\0\01\0\03IDATxPT̗1iۛdu&mIi&餝o5IL/\"\"\"rrWD( ^D	\"B-	KfK=t˲geY<s\0\0>\0\0!\0;|7<xGϙ7o^kkk[[h!!\0_aKKh!!$p/_ϟ?gΜGYrZ/ёOxN].އw\rZo:<lpXX|I???{oS,wXN^fEJR,T<eziN+!t^vM4p_6?䓇zW s1BLׯkK3ݟggй\'~ׇsA\\2z\0;fҵ,Y\"\nZZZ*}O3BLל9s%ԩSnڽ{(]Q\\L,2|K7_~#H]\\=66ʕ+6^B?ӽ܎x|Iqyo]]ٹއ*/̷-1\'^@bBޒ&n-,,ҥK.9/BDEEUqĿ			@~W[3_qIؾJ|GT<&3Lb%iiڴiAlIbEEץ=l)YxxĔ@O8!}sI)r\nccY|BN=6Xڒ6|[{?\n/Bt\'?}xgl8`\"a~]AOTociܹsl\nfi֬Yc4шeٳAi;pW7}K7OjussW?mkkRя~$+Xo3W]#%<%>q!\r_\\\\,}*~|7(äOŪ4))ITD\"2*x]l^CdדSkq&\rړ_7bW,>Lbu5y2/Z&zvv>kfʒɫbΒיLiATޯgfXH6x;]WvMsS>*17uSqˎ,S/?R|*~ҧ=-aʇȮ\'yZzB. m-?w/lc!giZZZV+ˤSt˕%۸q~߉;@eW~zץ۷ϱ۱tg\Z}*kDCD\"`t;Ӗb`˾ʶ?]hďlg?7_Z]OvhooOKKM(--6o?iJpYgd}v{\'}yRxloV6\Zވc>[S+3L/B\0X|zAw,R`mBJJ)HiуN<IWq uGV;ɯrL7E+MavJ>+6pѧ=|kNX\",m\ZWmyJ_m~!Zr唋駟J{oKItyK?6yMyuOkkkz~ߌk(j|)&J/K}H\rBæ/9wQ_{wR{#Bak8ȯ?#Fw6|QSz*Zڋ5BB$V^\Z_omm.\\믿_7Zz_{5eYˋJXo~}g>B.?5_3B_hȘO#B\\qKY`tҋO_~eg!![c͹iK,1ܙSL=b74I̝;W2\"\"B%hs{\'оbbb-`S^8tc7C477?a|gwm7q{RN;\':$HE!e3C!4EHAfΛ7OR\n]tk8\'_\"SQH	!ٞ^p~Y\0!=7BB8;!k&;O|fGpU=BB!00$lsoK\'pŧ!\0\0\n^\0\0ڞ={:\0\0ދ\0!!\0BB\0 \0@	!\0B\0\0!$\0\0B\0\0!\0\0@\0 \0\0B\0\0!\0\0\0\0B\0\0!\0\0@\0 \0\0B\0\0!\0\0\0\0B\0\0!\0\0@\0 \0\0B\0\0!\0\0\0\0B\0\0!\0\0@\0 \0\0B\0\0!\0\0\0\0B\0\0!\0\0@\0 \0\0B\0\0!\0\0\0\0B\0\0!\0\0@\0 \0\0BH\0\0!!\0BB\0 \0@	!\0B\0\0!\0\0@\0 \0\0B\0\0!\0\0\0\0B\0\0!\0\0@\0 \0\0B\0\0!\0\0\0\0B\0\0!\0\0@\0 \0\0B\0\0!\0\0\0\0B\0\0!\0\0@\0 \0\0B\0\0!\0\0\0\0B\0\0!\0\0@\0 \0\0B\0\0!\0\0\0\0B\0\0!\0\0@\0 \0\0B\0\0!$\0\0BH\0\0!!\0BB\0 \0@y\0\0\0\0B\0\0!\0\0@\0 \0\0B\0\0!\0\0\0\0B\0\0!\0\0@\0 \0\0B\0\0!\0\0\0\0B\0\0!\0\0@\0 \0\0B\0\0!\0\0\0\0B\0\0!\0\0@\0 \0\0B\0\0!\0\0\0\0B\0\0!?y}h76WZڵeKk^^Bєuc6^}k(%_|㍦m:w=vlMV߸]\0p]4~f/&1Vh.\\[Qzu77\Z0.nTjUcZ27W}{۵_}o |T99k60-]\'j7ivVZc]	i_RҸqc]} ^?wjQQGVVK||]AAVV\\BZ;\"1#%?СO>B5۱#%9*E;|3B[?$e͚GG\\w\nB`jWꫪ٭qqaa=3?h#jϊ\r6Z[u:hBBwfd4DG7\r8jۆp\\	iȨ/,TWBHFF&z\Z\"#]ݿ\naEE}|K ebzmV)CBgBK:*+CC<7@	!ܵkUg/b$E쌎n*(`;Wj\\dn!`PPCVVSuk<m@^LO??V	tJc߿59aa\0!<__]f2lK;NovYBxR+*II5#PaWL颢~] [^Yٛ|28XʣgժŃ.L!QmPRRcPЀ$B(H=!F::!B(m,mOIi;roλx_1߼qAz6h=4[,,hxB{#-Syt#ҖҶꉉ	 \Z,(hR:}q	&7y3u8%dPРw$B(\ruTTME8OWBzqq{dd׬zkӳ5T<oAkOz>BitYp0;U^&pPБ«!!	>4T	J;6eeu\\OOhjjM`wWC(n>qB!lRYJI z2?7`ͤg6meoRBu뎄\\\nTLKkU*yۇSST}07X#+@kh	#K޳s7TWFFz[	idllE\0>;,7!CpaMQVeA\0!Yϗ+!v%mغudd>gǎ6_AZ\ZubB_`D:6j6ndb.<LN9oDAJKۨ !4NkUTty	t1ZBou`WpS=!rBBxZ9R~LŁ</!8s{nfxBhܲs^lls;!w۶!g^Y:6rBOuXzz):<ލ8z\0K!<?ʪ`2\'=Lll,S 09d:kT&\'T*+BxÇ[CC96!tEhB׿ǳ(!t\n*޸q||EnڵѴmB8cŊI4BLڄpcǎM8\n\Zd&3baaZG}B۫oe&3=X$o޹EegM2QBWoTTAAg_![=\ZyirNNBB+x%Bҡ](7#?f!olaf&X[b7sBQB8[c{jjEE!!fZ=r	*00\'3@^pǉ\r6p\ZRB̂R\r3Y?>?=}Ν, p)Və	[ׯ[΂	Bٷ\'3v%\'䈿X6A\nUxABFZ`u9	BWرۨNLh4, Yӽ|U&^BnCpanfxBB ^y3!n:ގ+, )g϶rrmBcsFF~~Nci!򎃄ЭǙRT*Y`A|u,^e%n~|}^FBe!3t\\V	Ǭ?~t|BOY)-d!sLNN(!q4.BB8Skkwh,!yLB\Z\Zb! !q(!A:tӷlS+!]hW\nGFFXA1-̫ΔӧOqZvF5*!~xavv6quumM2B[EYA^mGMBG㥕qhBMꍎc:%;Fׯ[[RA5A=~lOM!ܿ?K4!322DJ=}\\̺3>Ϸ,YE	onmhh`!E	wLNNh&99L;FkDuTRt&g(y%BMC:Z]]\rBa$4v:P(8S\Z\ZڰЫFQ(!Ԕʦ0Bo{BͭUUU,ㄐb\nUU/Jp]+BB&&&JK9!q,.N\na{{;K:!$HV^}izK!d#+x%B#{zvBHa޾}J&LB赧INV\nj5;!$0cttmBRY	!!IIW0	/BB3ΟW0[B~~фDA	!;tْz(JKB\"O	!nif$=>}BfppHTI{4LH	!Z)F	@)\n		!!m\'	\r/ǂO	!1\'>1\nӥBB۷Iػf\'OBB[ZΝ/!Qj}BHqK___^I(,,:şBښ.зvX	!!\r\\։־	agg\'?!$	NF}hlȐBO	!n8r]F	/qşBDH}hH!,..f\'ڙ	zBBwfz$3;^zIB_ח3H}gED!g uuuee2=B]Laww7\0!$0	oS$@9nߊ,=Jb\"dn$>4FPBO׆0++8\"\\%K	\rr]p(\'BH1׿\\BFBkCayy9!\\.e!$.|ᇄ2f4[n%7&QBH}4BBscÍ!!>9s\'~pBFwqOlBߜw;\'\'Ǖ!CiimV%FSs-\r!w5rsß}q[ `I.^O,cٳe!§z<Y;gTKN[D<wgzᅧJeC/)\n*׹s[~vZY+{TBB&&.+>evgTXm8o]#4tfB[!v&33׿S\"?o.\\(rh@/u^OOţ[\\K<ÇKu_13\'Of9۫j\'ȚrW̟Gů~eȸEEY.똘?ſcyQ1s]Zt`B_Yώ?|4J^ɍez\'mwJY#$t\0:+&&\ZO~mL/lC}+?_#>Pߔ_#9\'mҦy\\XRUkąeeN\\#$}!ߠĿ˾X;wn{\ZNAbdza	M!p詧+s\"c9d{~{9^މK\\]+(]Rg=K	ύM\Z1TU.\"sWIq1	!!o(\ZzBc78uu3GH	!!$YSBxƻ+N	!!tr	!!t5B,C{eeJOJHFD01B\ZcPD(&իvYz677\'$L2=BËprrX|!¿<QGB;˖5X|S%!b*	s}AjuA #!q12R`~~>\0!$NlH}gGG!,))a ׍WT3=Bo&%!,//g zBCc[jB=BHqñc(LKCxQf\0BHq	!!3n>}B8Lh(#!1oxVf\0BHq-#cI¸bxZf 5LF@	!kN&IB`B+ϸ\rBQ]2\'vc\'rss]smBx\Z%$!`]vBB[\Z$	I?E?βO	!niiiYG	ς\r_ lnnf\'*	w\rN-T*}BHqNۿzطza^ʲO	!ĉFJB;{(\nv%Q*˗3UB2J	!uwwgg_e$:.5aCCK=!$޽L[ǱxvvvBBcǎqX=!!dOBHaʠILB}C0x<wBHaZϿ̴Iot2BB&&&**Z6	$BBNjg$6r\r X	!!yMMMtz^ذzB744TTěBo>#GX	!!5a$4~D{{;9!$FTXQB%cl\" FFFX	!!5l%޺]eBLСPBOf\'Skiif(!1\Zh]BLmdddNM=~\ZV0?? $kzB#?= pPooB1\\J=w\\	b(!ka:%;kX>--m!!+!1mKB}}=5!jKK{T	\'CCC, ٳLǖw)//gq!#22W	gK߾]z	]Ɇ͝`Y!SSG]	 ɰ!err79zسfn2=!SB=]8|ӥyzJJ2Zf!sV\ncc̴НH`\nܹAB8^`z`WW/!wylAN.\nB(!t۱Sl, paf]B޾:X\\\\,tc!(IM5Zloogi!Čh4̽}GaaF,((t, )Mzf`Bcv!Kiۘ	{ \Z\ZQQ[	%3Nח72Bw;CX<A\"kת	ᬽnH	\n&!\\̙`s2!}drM}Aj:i~oT<ކ?+\rХoR7:;;YA1;Nn	d܄ECp遃;wj \r{3EB׌\nk+aDB&FS+Vnmnnf!{mets5!w69|^kGbKb!!%\nҌ*Á p#\rLڄ5KprmB<M<[bFCQ5>SfoB1\Zh`~~8!ԡC.N`~z\Z\rKUwfrB8Q DcccEE5~~=!t|5̑#Gxiaxx8\'9!tl|nz|AACOOY;ԡ\n\n*+BxNL`n\'/Lw%@ΝkV1B4`cc#!<ŋ]ᗙ	g5}y!hh	܄7=dP(//A%jj	OVp\npBxwX/$ܺvm%xs	Bxzakhh??!آEEGGGY^@Njc?RBxf\Z\ZbI!7;}˻	)v\n=Ndd!f -.{_c9\Z!|^}7ߧ7C,Tc@>䓴]Ǳ8eB/rݺ!!B/~k֘`֭[9^>>>S|y!ʓATصk!n,)HHxkB!ѳlFs;\nUUU:g>!pںB&6Van\0!{wӷ-[1!1hΔ	T(mmm<Ak6l(;śI896!666VVV38XC=hPKHb\Zj<A[MNN*ʴэwн%K,* #T*Unn^JJYP !tb6X/&77g2!8V+5^j5!	lݔ$;wxyB9֯ߐ#,#B&o.?)Ia!\nc$@g\Z())Y20phdaPi\Zg,!|b\rAmo$jeiNB̬;w975uۊ5c$0pWrz;H V\rrss׭SYw~B8sCp\r <yRPdfnJN޵ti!tzOX~9PVMW^-//3rfFðB϶(,m P7s)%e]+;plѢD	ܺukOOGGE͹b^nCJJid	Bhr⪤\rV~ \Zoll&		G/JRRL3g8q6!&&&D-Mii[׬&K$ߊߒeUvvv}}xHy^vܜ/M7v.MH8\ZrɗC_92,9B^^R#%B[CM\\z\nồ7Z*.^errpȝ\"8OBgg\'	!PCCAKwh _.^|6&f{j?\r_B	X]]-`ի+N3±EYͤ1|$,Vy!Q\"\0I0ڵEebMqʖAg3BdҺ]))Ek*l)B1+E+))D.sx#!\r?;9Ym|?,qBBX,J:y|܅%RSK&&V\'$_`M@G+!whhsddMl5knNOߔIGA=zB>UUUF;Li:EFFiikn#%eGJNi!}&M߅iiy7ԙ=MMMCCCB8Fk%%%6ήǏ_|w!0DfĚH]]_t:֢|mmmB`6\r=zT,Y_wWߺukyy#G677TWjZ	 Ǭ>ޤh.eB|_h<+y\0!\0\0@\0 \0\0B\0\0!\0\0\0\0B\0\0!\0\0@\0 \0\0B\0\0!\0\0\0@	!\0B\0\0!$\0\0BH\0\0!!\0BB\0 \0\0B\0\0!\0\0\0\0B\0\0!\0\0@\0 \0\0B\0\0!\0\0\0\0B\0\0!\0\0@\0 \0\0B\0\0!\0\0\0\0B\0\0!\0\0@\0 \0\0B\0\0!\0\0\0\0B\0\0!\0\0@\0 \0\0B\0\0!\0\0\0\0B\0\0!\0\0@\0 \0\0B\0\0!\0\0\0\0B\0 \0@	!\0B\0\0!$\0\0BH\0\0!\0\0\0\0B\0\0!\0\0@\0 \0\0B\0\0!\0\0\0\0B\0\0!\0\0@\0 \0\0B\0\0!\0\0\0\0B\0\0!\0\0@\0 \0\0B\0\0!\0\0\0\0B\0\0!\0\0@\0 \0\0B\0\0!\0\0\0\0B\0\0!\0\0@\0 \0\0B\0\0!\0\0\0\0B\0\0!\0\0!!\0BB\0 \0@	!\0B\0\0!$\0\0BH\0\0\0B\0\0!\0\0@\0 \0\0B\0\0!\0\0\0\0B\0\0!\0\0@\0 \0\0B\0\0!\0\0B\0\0!\0B\0\0!\0\0@\0 ^A*/g5!`_|{ ~ʳ\ZCZZZVVGzP \0!$\0!!!!@	!@BHBj\'\'\'!!<#}}-46VTp_ʟ򗿴2A?SwqӤjZL_-\rf/gKsν{f.W?\raH7\"qS>[ʝ=#W\\yѪo~Ǐ^ik:.===&&ƕ!tNAiPV+(PRN/ȓ{\'̙߿_\Zm\'g+]낫VnnP]R)~\'Ν;\'ٳgl޼YZ9+\"W\\?Ս~vqիW;FK?8!!*\nJCYYi\ZB-iONN.++\'\\T;&fK[D_^_XHUUze֮][]]{`qbPƜKQAQ;ZRDW\\矋N:+]`۷odJwx۶mf	!!0֗\ra!T>QQfkd/-fCcG%C/y睢\'o\\~P|,m\r6AU_y+2z)[NAY#ܷ^r{1]-uDNl	;+SZN+,,|\'LoF_Z5&((hҊ!!%.)s5¨(Zmv\n^`Ahh\'IY&o%f/o)+rҠ2҈U_#mΝ;ׁ\ZmڵFxsm4<<ܱMk\'1o4o۶߼y|wj^+qΜ9F~w¬kML+[SjzBjEsss_|EBr>L|pС{NCRRF(g?S5BB]Bxcp`q}>+S| >x|ԩ\\L_1ֱLa=\Za``yǎ}}}\Z-{|Wn2׮]{饗DEnw4>p+BA\nLuuu^2 oW@A\n!!!@AABBBBBB`6w_(jB\0\0cs\0\0\0\0IENDB`'),(45,9,'PNG\r\n\Z\n\0\0\0\rIHDR\0\0X\0\0X\0\0\01\0\09IDATx	P\\aqqijf:Mj7rԞz\\d֝qB>B!	#	B\'¬\Z#,!X&Ƙڋ],{|?\r,j{S\0\0\0\0!\0\\Sٳ{ y;;;D7\0Bxcjh!!o~.\\w344$󙙙/MϿ]*޻wH}||}[f|JK._\\XX^~墢7nx\'DEEYΒE=ѣG\r&Cxxmq/Wd3B̳v@.0Onb2=]0{@~>{\r9&x	<qD5\rf㝰2}3<cSqUO>DD1^}UKkGб;}o¾}pfSڵkb}DgPhJ)AAAҷ?O!wۺut?nv	~QM,<zh1X:޾};==]L7.~=11͛6ѷ6lկ~eYMo.G܍/?~lK\r/yx	1A*˗/ϢX-}!NF>22\'ևĕX\'gw[zJ)yfEEEv	FY\\;#L*(/qsHߊ+DD1Ĵ\"-k֬S۶mLOR(ӳn!<twR+ͮr___pZSZ\"`v\"S\ZwWBQ_K/]|m{E^xָY+\"gTkv	!ܳgQ}ؐ	!\\BZZ\"ϖKڮ]>y޷t~S$\"};44aɫ֯%rJ.GJbp_X	ޥ+**\Z(VoŪVTJߊqB(KIm_ᕗ׮sϖK&h4\ZE\n]wF\r*\"DD1ğd_D襗^2zgƒQ^g2Z \njK,!O\ZfWI&_\ZBҁ]pl뿤_^=}/~C[K>3\\Ŗc=f\0ږ;R:u迈1z[)!Z.{Xl,٪U??Een_R:ώ;fw9P9.5VNfpEgF###r0LwKL^UG\\-0b)-h[Fn`#9QPk{P󣻻;;;nBuuY[hiiӄyf{\'}yBy7lnV^5{/uzRoݶ?\rffxWȯ.x[>mk֬1<ڵkq!B\'UJHKo7[h\'Omү\"7n{\'?.ok-Hig2Tk$6Ro{9fܰ ~/wK򔖟ubPMzM:3u\'6B73B.]zUzʒZ6-/V}^\r=z.b֯[f_rTSǘK\rB÷nW~͜w~|pӛ&Ezһ]fq[}J[ߏP@ikwknLmG7wvvJя~$_SKC7Zx\r1..g}җ/*u4%n Sa:~B{,?5_6NǢ:OEƌ~\"Mo(ѕq	[nOO\nlE.l!!۷011[x)f1m҈&E%::Z~KhS3jзxt?t}_7C8O~\"^xFn]:Ή-DEac}#ҧ߇\"H4MoteC,駟]T{F/\ZU3b	^$f\rLϸ- \0!sbM[~AխFO- \0!tÝnBxE8~WcpX]xm!\0+C6\0\0Zo>\r\0\"\0\0BH\0\0!!\0BB\0 \0@	!\0\0@\0 \0\0B\0\0!\0\0\0\0B\0\0!\0\0@\0 \0\0B\0\0!\0\0\0\0B\0\0!\0\0@\0 \0\0B\0\0!\0\0\0\0B\0\0!\0\0@\0 \0\0B\0\0!\0\0\0\0B\0\0!\0\0@\0 \0\0B\0\0!\0\0\0\0B\0\0!\0\0@\0 \0\0B\0\0!\0B\0\0!$\0\0BH\0\0!!\0BB\0 \0@\0 \0\0B\0\0!\0\0\0\0B\0\0!\0\0@\0 \0\0B\0\0!\0\0\0\0B\0\0!\0\0@\0 \0\0B\0\0!\0\0\0\0B\0\0!\0\0@\0 \0\0B\0\0!\0\0\0\0B\0\0!\0\0@\0 \0\0B\0\0!\0\0\0\0B\0\0!\0\0@\0 \0\0B\0\0!\0\0\0@	!\0B\0\0!$\0\0BH\0\0!!\0B#\0\0!\0\0@\0 \0\0B\0\0!\0\0\0\0B\0\0!\0\0@\0 \0\0B\0\0!\0\0\0\0B\0\0!\0\0@\0 \0\0B\0\0!\0\0\0\0B\0\0!\0\0@\0 \0\0B\0\0!\0\0\0\0B\0\0!\0\0@39=y{~qm۪;Te%TU4jsr|SŪ=|AV}B|9UC;wQ$bUbĨc\"#CCo.Z[fǶT?ykV`phhdktwQ\0!O޳c}f{r؎إK5jgeX	4ޑЖ^Z޲eYݧpwGس1#+A{YإeQ!4Cmm}MMcB`8G)~b/=^;|sBq+0{2B>ú={V_k	!4bkAz[@B!u۳c;bÇ}>s?g֬,UeBH>}R_њ|-ؙC3PUU^3»|1[\':\nZBFBByL-YһlY{nngC8!$xn))zO<Չmee#}}<O@ukmUBЍ W蟫P᪂#G_|p{_LqhPL\nqftfdt1~6\"B-iC;NEGV@w.ӞyFnkjE.l\"[LbbNn4\'<@\'vPT~%r{:<@vK\r.	tJCӝZ[;ξ 8}tֱW!eeuݫxwc+<V{;&}C(;VimyB̃/_TwV/W-w0o.+m Sr\"-=`4!FOJJGcONB`nݙ^nZGPzug)!0WZZҎMyF=,NJ|DB8XlY2OJGPр׆xނqvl։,[J|jj|/!H4Z-B1n4O|dB`6]-<Xx+S!>WUP0tgB>3Nf>P\ZeRBVhOP\'kj\'ڐ/Pzu\Z0sBmޱ<O}w(!<Acg/MV%{C	<>ZA ׎Y޽!wF>BӨn\nzmŸrlB&VjNքjBB1UTVRBxo7x\'Л+!co_IVe\0!w,9R(HqL,*\Z{UA_/$*, Ы[xp\nZB755z*HϾqBx&NFq|Bhep,/ 4>YXmh0=!3;ا;Y|\nB[/lXsl{B{ǘbBxcb.0B{& B>cR\'wb9!\Zь2Gqq--,M p?ccc[W{B,S p\'z~\r8OWdmRbAB؝kGGGY@D3yBǎ?ԮY΅ pu7na&s14l߮Y@_U	܍JSX@A~~NAr>FKT|.!ۍgHstM q((qw7y$]D[n#zZsr޸q,766FI:gJLܼy[l,trŌ?IzNCϜ9>:\'۳&#8ܛ1dΤM	S{Աb	3\'W\\!O/^hѣk?)m<<\\^!h\'/ytrr]Bh`tA	SCp៵Ll(.z/XBXwz2+kϞ=B&YL:/߉g7(*g[߆\r\rfFK.Uo78Ndd,~+88?4[>0ALk\\\r]iu\nEo:W$.!!t\Z{NtO߼yqó5\\vPԬ\\?NjmLƄpw_vĄxN\'gaaamm뼡pP^\nd!$?~o~s窥?zi4\'PhJcG:2Z_{OK~˾4*/FsL2y4zo/wOOeK!t5BCbY\Z4E	KۿUVV6By6+g	;0.E.\\g;mp_z|Ņ_y_3y{̯]+/.KM-//ww\r\\a4BB!/]H(桟O˔L?>=EGq!!$B^_U-FbP.^dn&f~PbP>qRYPPh!!$pnuvLohx^^e&s=>_[SSR %ГBWP\nu戌tNNNV4E(2[¹7P<34%\'W:r93Fx8!$sLEgxIkLW&\ZB8WoW?pmnniiԔKMbvA	/\'惋N\\?oBQқbf{\nRR\\j3g1S1]B̉ЉPfeBcoMnիYfA?i+*h	wRRJ\'XlAH8{tmU^^aa(K.!CmVof%2\Zo)lnnf!c;n2WB.n@\"zVV&WB^.=- pdfVB^+Afaf%n76fg¶6bBލ7Vt`N%8ZEKJJ\\@3 p\'GڎO3BwSKvvv,b6\'˙P	\". p}M	\nEYAa\rLG0nZysУG\\!}TQBG)!<y$5!G!26gft:mB֭[+W2B\'P[f@agǃA	g1齣|!l~c$4*D9(!l211Nzؗ,:2N	!f0000I=i\\	\r]qFqBH1m{	BFQTT{G	!!5zYzhP*WGY	!!E\Z&o Yz芎B{G	!!5A fMByC\'b iÔI={\'\nҥK,섐\r{7BB6BLewBHBB轛	9!$`!!̈́CCC,Xu{53%!--̈́¼fJBpb\"		!!y\nz(,L\n!		!!1Z8LI2l&$g$0}[PT,km̑FmF¦&|BHVk3s$!KBX^^βO	!hVd$0~BHa/e49z\r-x`xxşB`$0t>>rϟ?O	!iQ0ABAO	!9:Hg=؃şBӠj`v$3AQYYO	!VqmBEX	!!dUW#!]		&BH؆\r̎{ƑA!\\vIBo722jfGB=>B?\0!$nhh(OHg.]*PV3	BBz{{	9JH	!C̎{Ƙf&BHJbj$6޽IBBH	PLLzS	|>B|8\"!Q+pLBBH7\0!$BBBH	!ùGxVAnQ˹?7BF\rII&bT3_!c 25:i\rNTV?.dɔ\"@rՄw!!P`^t[XSsf*\Z&}|!!wzD*37,[5Y#\"S{#t>؏BB,3Ǜ2\'\'bήM[?w\\YBB{!ejt\rL\\Y\"%K;	!!Pwww6ёF|wgl	~\n~<Nq;0BByK;;B##X#t:\0!$^N㣏ˑi%%II,9EVcJrg?0!\0!$nxxxzfG;p< es2u6ڷ0Ю<GXBH	!vƍg}BC:\r\n^\Z#0q$!A`ii)\0!$n||q6;2Vn>:ՊM׃x(\n9|!!$gj]#h$,m9hφC]RrEc3j22zBH==̎oLYLḿ?=396cSf3BBê̎l\\?+=g37>®(ⱚqɑCx1f\0BH1}Zu7m1ѝ%bau48ШZf h&HKJ@vH?vR/3wBL1G\Z\r?_B\'8#0NFc˕<\Z\Zb \Zb9ps`\ZhWVEʣ%>0nb ZvKHys`2hb:RJPQ43\0!$gW.Ak@6*%y.YYVBqͫMlSfԻ@͖xdl7$7W!!$J\nׇ{s:%=2<^rF^\\qp>Z_677BBim^$&FmE\'ĵnJ^mfiPǲO	!266VSEGJHYtwk_&HK=yRaY	!!Wz_ޑév-/eK2GܹòO	!\rHT\Z:LLVtӏfN>!$Zggg6s7ļGSmrn@\nLF)(́)Ɋwys# `43e\nP8E[[[Y	!!f·́{3RR8;7^ZZ5Q5=wʀ6FĤUe(6\n!4@;e!!\'o&8TQ::9lIkR\nlFKKKy!$̈́~~\rى}KL0VT\\l ljjby\'767ށGҭ9\Zˢ.o}RwU!fy\'l;?fvmdEZ],N)ׇֹ:}|^c	!!57rfs൐Uq}|Ti<5wŢCBX311Quw(w|sӪ]nOMe!!>ؖUt\ZQJIp+_5yy!g1\'tuu收uȥvHI<Xr%?i84԰,愐\ZV[ŕW.O8@pjw*!ܲe8!$փ.wOYzWKo\\~y)[{ƸuZej58!$Yww+:?L/,fs;*6\rpE1pBHaӫ[[{ekK\"#?+8,R$ښR[u/ZYYM	!ludtliE|	r4%N1/gUT,ڄVåJ90iw2ku?hE	BاÍӋʃnRq1uŢ23EAH:;;&0cEEewqU&5Jp.W<||Q|f!}FGGkjt\nܚށ^N9sQsR(+XTT411B\rB8q @0obS\"z爊*Mq?6{8b66\\*=>mm){ERꔕZGo8lcxAgB̆^cpG/M,\\7d!-#,n8\\cXr>w	ݝy#\'ʷs0N:?2m2, =N}#\ZI<TqP!BUVl(Teq, x$ѤMKgRוk6bH:XR8;\Z߿Ejrrr°+a+b\"KY0!߬0z̵kXA\0ꎸ8g#qld<*Hn>:e&Bǘkes`dŊjd8j,}4n`gݚn:x%^B8̌[\nE+7\npI{Sr,\nVAHԻNBáʺsLٌpx=7rט؂Ο?9itԄ=K蘩86W.<aaF:e&fGKsϒ%[k*?cvf8y딥K\'m6Zf!Ĝ[yielo\\ƦeRf߱2;v&g~\0/[A1&ed\"f\\(, C###}LW\'*XSS !ܻvō33w+*//߸q#©ZmmLČUrׯ_	B\'(.Pڌy˖}`ի5\Z\r&!g߾M1/R1[b\'NT©:ی*XRR299R	Bg),żp戌(, ǎq|5^+6ݻYA1/ءff8gיG֭[, Oee#ь/vvvb>JH2S3n+28!\\ԁ*__k\\rEX@*nݺm[/5c.FJʞϟg!kp38&^!+:u=1.s7qo1`yy9σE?wh\n\r3:0<<̲B566{wG>>M`)!h4[33e(llld !PYY?9cvcV7Ȕpmtvv23Kr(5Bx\'۔afv#,|#\r\r@-=z2)wmlZAAV(]EFB-G]mZf B;rai~Р ?,D p{SSS;w6}ʌ0~~ڜu2 bFsTAV˂BOkaC ^#eP2v!gt\r\r7h\0~KM+XZZ:::Bw<vx{DPXѰ[{KwOrsRABx#GZPoWQABlJa=#6#?%!vK舄Ǐ)!}ĝ;wX@὆\nM\nݴs*++y(!0goc<p4e!6o;M9<{J[hjjB<9=OKB<&cǎ yݹCCfem4 57n(..KH8**cvOAB<<AMMMmٲ%3sX -rNlrg&&&xnvhoo[Fc\\DDZz_Laax((BpIIIFF-\"P춴\"XZZz  Æ\\j:6[\\`xdAB1zzz22jBBFȏ+__mj6K+PBssפþ}3Ji \\XjUNN_1ot4iEPR\"B-!9ĴUC݌\ZK\nUUUSVV2#6$jN7Ap?AB_XX&-m[xrHMnestl\Z\nB̧R1_1	Ԧ4YOŝ3p	s*=}e[i~nc_-@qWZ(!Zt:Z^Jm511g}|tv9#ʶ@Aܽ| !&&&N<Y\\N7jqĨ7X%%́ {jmmmrV_ATNByV(v[O$p?*Lӳʕ݂8!\\D|ykFFWAm]]]nB1N\'f\ny~[9%e_Hȼq^B(niTԅ:qfRSSǶ@B\\reһi\"feU&\'\":311iio[B{K.l!<VUՕ~\r\n.ьQaXG*m_iii[[B[777\Zw\"7wMffq8G!◙Y6755*(!&\'\'kZD9\nEc||KDĀtJ/{Y\'<@	!UQIIr)IMݞ_(88j.ŵKYo˞644MLLB<^hڪ̮&>X)-NlHIٓ~Do-Y25MGF^U%&IMmHOߚUG YWQQqyN(\nsBB̆Xs\Z8q-Q4Z}ސU.FffuFF4^}\r묬rrJl|ccGx*(H>5\'pP\"#fv~ӟ8zďbc#Bz7U*޽{]_tH\Zi4\Z^$VFRR3g>cBH9$ÆZ[[E*++uůWTT755>888::G BBHwZ}\Z/&&ל+WHgsot.SO}1{\Z=]\\_FʕO?7<p\'xF/O\'K=sl^zFB	!@1!ĉcũSĉ<yQoψ{!\\0ե턐.-22\0\":lD\no<$|*Ϟx3я|Pϙ,^\Z5BH`͞p}aGW^Y,j:1bmY#$\0\\\"bNՉ!ӽk#qvbIm/FHB(oki)N}-4+/}H	!\0bُ\0!$\0!!$\0!.(HKM\rut)!$\0 \"\'g!$\0\0Z{לB\0\0!$\0\0BH\0\0!!\0B#\0\0!\0\0@\0 \0\0B\0\0!\0\0\0\0B\0\0!\0\0@\0 \0\0B\0\0!\0\0\0\0B\0\0!\0\0@\0 \0\0B\0\0!\0\0\0\0B\0\0!\0\0@\0 \0\0B\0\0!\0\0\0\0B\0\0!\0\0@\0 \0\0B\0\0!\0\0\0\0B\0\0!\0\0@\0 \0\0BH\0\0!!\0BB\0 \0@	!\0B\0\0!\0\0@\0 \0\0B\0\0!\0\0\0\0B\0\0!\0\0@\0 \0\0B\0\0!\0\0\0\0B\0\0!\0\0@\0 \0\0B\0\0!\0\0\0\0B\0\0!\0\0@\0 \0\0B\0\0!\0\0\0\0B\0\0!\0\0@\0 \0\0B\0\0!\0\0\0\0B\0\0!\0\0@\0 \0\0B\0\0!$\0\0BH\0\0!!\0BB\0 \0@	!\0\0@\0 \0\0B\0\0!\0\0\0\0B\0\0!\0\0@\0 \0\0B\0\0!\0\0\0\0B\0\0!\0\0@\0 \0\0B\0\0\\7\0\0xB\0W!\0\0B\0\0!\0\0@Gx?D<X@nϭD<X@~!d]8\n!!!!!!!@AABBBBB!!:s55m{^vt;~Eb&v^]SӺwo+qU_p+ l}su555{W,][BB7_vDDL4׬z=n---sQ7o++ŝ5e%E\r\r\r/b:Ch\r8b ~k+V-!!{PcajauȈղs\"0b\Z}ꩧDlqc=̙3v>l]]ء14\ri\Z|u뤵۷og?{ѭ3ŊIMMlFGaʣ_[BBaGfQv/W%^H3S^=[`h\Z~0w-]I^y_~Y>}҆۷KFh姛6ml&iCkKA!<b&mmm3\'bt~Å4wMDW_Oo}Kzjjʴ\n~Z]]Xu/đ7di->:3>9xm	!!<q0):ݻwĺX0<Qzfoo{`v0)\Z7Z\\a+y0ipp>+x!=:ه>Fsm6KW>zl4-gyƮlw4~mfO+pʜXg0:¨([.đ7\\ta`n@}xm	!!;Bgee\nVUuՖfo|CCCSSS?.hiiאb$TVvFE5\ZT;mE6<11a?l᝕QQrԝه5BB#xhmh<|m*ѦMϝ;4;ŋڶvWo~&믿.gΜXQWV>ãc0BBB#ˀ   \0!!!!!!@A!e\n\0\0թz{l\0\0\0\0IENDB`'),(46,9,'PNG\r\n\Z\n\0\0\0\rIHDR\0\0X\0\0X\0\0\01\0\03DIDATx\rPqgrIڴͥu2^4om&isM&msmrm@Emy\"\"*\n\"!jVJ(%J*-Efn_ܬ싻3].{^w_\0paKx\n\0\0\0\0B\0\0!\0\0@=˗.]zw?#tuuXo%7}7{Y&o-}J-=\0/K._^FOOuS-Vz+*`t@A.]*M7\'NzΝ;}ݺќI?>`HHȈϹ+Wd2#<\"ݣ/]d|yfw6qŊuKRݻtuu6{\r>   [``~hgΜ~ Ϗcho`h|&B؀}fg={ffɂo&fm+Bx1c1KJS͢Z}t3?B;W@`D/_>=}!}P=m̇l\0!m$%%͙+N>mz\'8p7NXn?+˖->omm>_4O;::򕯈hWwLlh\'ejEG#4$CS`S)IIxaxxXE&$$H8+B(իWEOkƢߣ \r1xxxa/&}g]t%Ӯi]db6ViG̼zn$֟x9>II?!4)~ks訴\rST|g#EGcw7!;@ammm!!!ַt[dbk\0,Y^^~_jf/,f߾}}c?P)v{!4=1aC67\r@q:;;Lov˥b/\\.tN>_Zw޶m\Z\'Kfl&6~K^?s>뮻ТJGQY{ݺ!l@ukQ555i9$ŊJƲg.Z:kO	7g)RSu!`cJl3CxOO{1w~1x	~nC ##>W_mڳiool}Etwwjwۻ~z9g=2Q{6/[Z\ZB1P999y73xۻ \rJ4gנv6?_wܼ~wϙ^z%cxxI_5Llz}T}ұ-~fRKC822\"9g(!ծi\'2{|Bزя=/_{=Ś(?4zzz.[L2$$DX{ObeŊ:<݈wۻ럇{Z}Z[[駟O뚢I\"K{8ߣ9w7!;@{Zz`sv Puvvj.\0!Z!Խ`MO~\"][QR\0!\0޴\0\0k.S!ܻw,\0\0΋\0!!\0BB\0 \0@	!\0B\0\0!$\0\0B\0\0!\0\0@\0 \0\0B\0\0!\0\0\0\0B\0\0!\0\0@\0 \0\0B\0\0!\0\0\0\0B\0\0!\0\0@\0 \0\0B\0\0!\0\0\0\0B\0\0!\0\0@\0 \0\0B\0\0!\0\0\0\0B\0\0!\0\0@\0 \0\0B\0\0!\0\0\0\0B\0\0!\0\0@\0 \0\0BH\0\0!!\0BB\0 \0@	!\0B\0\0!\0\0@\0 \0\0B\0\0!\0\0\0\0B\0\0!\0\0@\0 \0\0B\0\0!\0\0\0\0B\0\0!\0\0@\0 \0\0B\0\0!\0\0\0\0B\0\0!\0\0@\0 \0\0B\0\0!\0\0\0\0B\0\0!\0\0@\0 \0\0B\0\0!\0\0\0\0B\0\0!\0\0@\0 \0\0B\0\0!$\0\0BH\0\0!!\0BB\0 \0@y\0\0\0\0B\0\0!\0\0@\0 \0\0B\0\0!\0\0\0\0B\0\0!\0\0@\0 \0\0B\0\0!\0\0\0\0B\0\0!\0\0@\0 \0\0B\0\0!\0\0\0\0B\0\0!\0\0@\0 \0\0B\0\0!\0\0\0\0B\0\0!J5{4zر={zۋZ\n[֮mnIK\'&Hc{zed\\71\n\nߴBQUwxGk<\0!g~F.W׿iSZLLKX\Z?}}Wg\r=FmC9|ɳwTT=:6T[\0!陪ڴ5%E!ԺfwCev&*a?ְDy^^۶m}\0BؘXz뭉-[.FEwZ5`]lB1>ԕ$߰Aqğ \'V\"#bSiS7EyrrxǏ+!uMP^^WDDoB8\'֜ݻj5hBBee=iiր~77|o!C\Z7_挌;;:(\"!!uEEOrrSxwd!(!Miiee}ﾫhx1BcrvvkTToCCKxmB8+Wfvꎏ?tV}:z;Nm٢hkc)!::6lGEC-+Mo1==pxcC))\rbMmW	jW[ӛ왜UB8i;}II\r=C(\r[[RҩA^Q øvmvnUBI]QQu[CBC@G	6\"\"JKyvfO8J+XVzW!`/|s$5ս/iB(vdͯΡ4 \"ӟ99;1B]476R!?)/oh]0Ҹwh$!p\Z\Zef/	NsP\Z2Y*\'!0U68;^t+(xW)!0_NOJ[r9d!Fppse5^ -)3EE-\ngJSPGS~@o/[B6ΝNMmpA\'4\ZkBF}{[XXt1{9!GʜZoΚ@t}KzzAɍ~ !FOx!UYpNŘ>UR2!LU64\rH]\'%\Zss\r!`efr֣C	4d6^ \\\rƶ8ѡP;\"\"Oh4AuGDtZ]6b|\Z ?p\0!ۿ-,LtqԎSSS, p]\Ze+!CvTT,E+uk+WC(q_i(K!\\J*,s7$w>_z!!\\Tj)(`T-(|2!̦MT\Z_xhZAj-u8n8!͍w<1&&&Xj@dF_qyBh3LOOIz5O-+Wٸ둂:\Z:N-Wjmc	!c{>fuBh?g!hFx78&B8R/Hm>NGF}<!FټidY@0hABh1^q.B8gCB8Yx\\ٲ~=\'ލ]NOW0ovqr!!̖--؄pz5BJN!sg//YHKSS{zzAmFluQ苍f&=x{oXw!t+Yi6fiB`gjtBLn;mvsS3E%uuu .]Ly7\"Cpɒ%&d_Ϳ18XocFvffB(H󧦦A$A>wjp7߿!}{zi}}ҥt=˂[_<ח-[ysu	]\Z`kkkm\'00Њ{^xqSwboT!6>R(L 6s%b<rkhj[UO|rҥc_nc5BFSQQnݺk׮I_޸٘.8Ry4*V?\r3z;*2hI6y%			Nյz{O2E?ž(=Ж!<T=io_Ŋon\rwp5B]\"kEE:Hbteggs)-Cwk.[Tۉ5?W_=tC86NBЊ9<S+)C 	!= _w)TLw+73СC pi4$z~kLȄpqߘ\";;{xxίvŪUsyOxSLȄpã 3ЊffgT.csȡ\"2!\\q$6Vvvv2׃ZC<~BX_21VXA4pQƌ̂=>){e\'KI<̄pǡ8RtBۓ;l	n{Aa%%̴!.&V\n?bB[z3L=/+BBؒZ޶9:8xcO!oaBy睮`BS+WX)`!ĝh4;w0B\ZU6{bcZ	ýg+\\wj77Ύ\'7JaSSK1!766v-gMBgD!WWbR%---, Lqq#3*!tq{3k4\ZhBXL莌a:%;F|}sDYAaRB$5U%\Z޸:hȾall\ZhiiS2B\'x?LkBX`NB\'e))\"jEf|uL9ƛ7t,εN2B90t)OB|[GsrrX	!!mxABǎ*\nqBHqQQ!tqK: y	B|csZR3BBS4\ZMii:{z:\nBe$7.Y#%B3ʹIoܤKsf=!$09:(q044N	!AH]nB[BBvBW}RX	!!;	+i7%f!!;	+gBBAH|T&%I!c\'*,`$=ܼ(		!!\\}}}L/:}		!!-ZZڼUL),Gzv|BHJ%.1ܼY	!!禧mHBDtB}BHu$	K\rEPxIBHq]www\\$!tqG~BHq]kkJO]eʒBO	!;}pZBHqѣR+++Y	!!uUU.I!,))a\'וBBBcS	f\0BH]J*+$BBBXL6L:Ryx+<3(!!	w!p\0!$NE0B\Z2	BB\nEt6662	BB:;;	6SO	!f[Z8wІyBBB!,++c ՝9{Bko^wIBWW_\Z!!tQpLBBH]7\0!$BBBH	!ca&5$5bCh!!$L:BW_{$&o<BR<@	!!db\\y fĩ+y:!!BC!\\ʊ<P.Kߟ7mIj	Ṱ	!!$2;eƪy:2B\\퇏]IIvs#aamOPgE(MI`*;OBH	!vįiݜ|h(υݎO|}uCyq;~&awk膐IBW744i/ܸm9A!!!\n2	BBƶlezJiG&g|ف3\"\"!,**b MNNuъ}stq86V&BH1gZ6VoHz݁:$&jCXYY@	!fkjVT;БvLª*f\0BH1{!4\"l;ǖTmkkk!!oی?;i:6551BB֐\r3݁	fwS^_BvwwN0I+WN@\'2\nB̎1IL\nHLcw\ryXn!!L݁E2v:x#.N7333\0x{Y6dwSdF	!8qٕGUftUeB2~lJKӆeB|% E}T\0\"c}ιDH	!ۛ9ro?P{ llld\'S*.tm/Oe^LE]TÃ<8n}BH9F\"ܸRdt;)I7,pLtHkiBg(=dTǂO	!6s`@ARQKX1p1{BBFGG7nt·TfUTų;GGpvQ%v-w݁1KeYW\0@B!&	|oKB^g2ntBBM7_\"`ghʕ9:;\n\n8RB8n+bވIb[[tBMAwE,M̾Ť;d2BB\ZD66(֬ag:g61G|GrJ\Z\"y$1[|ZN	!ھLݷ7>ujJ&zEo{AtBHaç|f8YS<Ü\'X	!!)qqJ(+Yɝa{e5ATBBSpwZٖQ1dX4VKBB6ف	)qÊʤ醰B^gg=lus$Fۜ3˄ΰb|3g(AH	!:s\"o\r\n|o}r!g2dBEEE\\YBQXGe~6ik}d͍aL677hBBs\r\r\rm8c+Sy@sٷ\Za&8tm!wFY,˽ف-&S\\\\vQBX=*JWw&o@muumb;RfQ1da2999, ѣ\r^^<<TIч*Uda2\\_V߼y3Ud|c҆O9;1?U0gBXC>l˫̬YݓXޚ`&k&BLI;zy]MO]@Ƽ?ιɀ⎨\Z\ZN>=>{dHN0Bؘ\\3aݼr05.X1s ɀT*UM\'ׯZ563(ٙ`cLa2 mfNG)qj#Xq\'ֳ&Ĭa2 ]UW\ZO?֭*\n^Bm劷7s7Æj͏,**R, Ju=Ci		\ncfPwEO=bl`Qcq`ՕsC5Q)jww&k|?O>g>{ݯ^=gupƍO]^CggΖ1}B؆Z޻N|g\"Nį\'4c!G/c\rگlKI:ٹˋ066ڵkLb6ݽn@x\"\'yk5DEE;A	ahٳg<Fa\n\Zc>>{啊~ӄ[tVpɒ%ۋq|SO=t?=3g^#hddYa:..%%կ~.*XZZj\'.pEΝ+\n~L	!WSCtT0cq_gdHk111?O_y?v	/ޓ\'׋OĪ=,\noC}}ٲ7Ge?/b~MOOkj;IMMͶ\\```{L!ħ?/oI*>#.җ6x{((F	!B+(`.f,hs0::j?ˈMbEP+|S. ho6f̼ӧ9Xb4ix[	\"mͻBSS]- sBx|X{9_| V|snoozs8Qg||mn&e9ϷB>iexo-[*ĺWDޜbleḄ4eB&CEڜGH2H\Z4Ό(ZQnB	3A3khAAԔ.\Ztvv3G3`Y\nva23wBB@8L͘O|B̯#G4^^׌3n\\AmFQRi>sEwdfǨLJ(*VX@aw[FYȰEdϗf!=j˯q=nFٸq>B|nff3~~;\ZaY!\Zk;\Z7zg\r\n,e w-eeL;\r s!;?_Bx{&fsuhLL2*qKr3,o {e+B8Z揎|\n\n}}},P p<\Z33=&ttt4Q.Z,0=>\\Pkkk9@mfffns=CSxTwӓ?._S[:LtzzN}&c`\Z!++i!C;x{f,2 p\0ƠQZ~\n\nYX@4\Z{ߟ1EGGGYL@-<\n9.Yc7n p!\'kkkWP3x.E@rZfוḸ\\Cd]ŋ5))jww\"C[&6cDAw];r%p!~ۓ\rV\nh͆N1 -jΒ0L!2ॴrQB`GVkH		h^«0wݒ><SRuB222i:yx8Eq!\"\"m-((BTEEN쪗uqqg_bb31\r)J^ 22\ngTcC\Z\Zj5/iBbX5+:5oBXorrrϞ=22Z99Y^(--es(!`yyy;y1>ol`NNNSSg\n$-Ī7Thdz1EGFFxłj/f3Dcݽ%,lLcLy**!0/ٜLfwmy}C\Zڞ@o10pobB=\r\r\r!T]]33w$\'z5ѲOieRR\nb᭔@466&m)k;d 6v-6H`QQQOOFEB,.K9HN~+<#K;F<u	\\o|_t|GGBAV[ZZzkjꩨIOOf>mp!77W<\nBدi\\^XX9m{z^jlZU5%IRyOyBa[[[9ܖ\nUӑIIw\ni[p4B!sVRR7U%$\nⴇGGHĒTӫ0wǎ_lܚr(.իg]oWlz/zB8SNiDJSRj;VtMxy\'\'7y:yCCCB8-P(tW.ML<ЫLDľ2rN!\\zQ{X?QTyx^y$62)i7C<Ǐ\nBH+5Љ2뉉ǣ[<}ۨb͚QQ;eۿ*f^@BB|Qľ>QDILK+{6DF4LxyZhޤ爯oWPPsxx]tTm=pݜBHjpsssiim\"X]&JL<w,&>*-4Tu!Vݔ=mCN☏hWgp[g\"\"NDGV\'$T&%JSSgr\Z\ZĊ/ RO҅L͗)=}[JJErrYr򮤤C|\"6e7>ݒZnu/ZUU>66 \rT*BXYY)2mDFFFz-2hbbO.<xdӘcǎΡ!B`(t(Ē{u7eXV4[ h4JRkQ2!냃m._,B\0B\0\0!\0\0@\0 \0\0B\0\0!\0\0\0\0B\0\0!\0\0@\0 \0\0B\0\0!\0B\0\0!$\0\0BH\0\0!!\0BB\0 \0@\0 \0\0B\0\0!\0\0\0\0B\0\0!\0\0@\0 \0\0B\0\0!\0\0\0\0B\0\0!\0\0@\0 \0\0B\0\0!\0\0\0\0B\0\0!\0\0@\0 \0\0B\0\0!\0\0\0\0B\0\0!\0\0@\0 \0\0B\0\0!\0\0\0\0B\0\0!\0\0@\0 \0\0B\0\0!\0\0\0@	!\0B\0\0!$\0\0BH\0\0!!\0B\0\0!\0\0\0\0B\0\0!\0\0@\0 \0\0B\0\0!\0\0\0\0B\0\0!\0\0@\0 \0\0B\0\0!\0\0\0\0B\0\0!\0\0@\0 \0\0B\0\0!\0\0\0\0B\0\0!\0\0@\0 \0\0B\0\0!\0\0\0\0B\0\0!\0\0@\0 \0\0B\0\0!\0\0\0\0B\0\0!\0BB\0 \0@	!\0B\0\0!$\0\0BH\0\0!\0\0\0\0B\0\0!\0\0@\0 \0\0B\0\0!\0\0\0\0B\0\0!\0\0@\0 \0\0B\0\0,\0\08ۄ\0\0B\0\0\0B\0\0!\0j``1&^ x/vLį*!0/Ҳ9؞_5Z!!!!@	!@BHBBBBB\r@ہM{,Yr\'3O=ҥK\ZmM{414hrr6!!-ǎFD̾4BB:jk*>s۶m{gرޛb6$Cxҥ\'߁B.z+^bkf?+W/׋ٳg/;bM|2qwKi4\Zm\rFE wGa6h˗/ߵk!!-ϩ4{\'$44T\n\n( ̙3{O>\\.=z_ki[Eo1wGa6h~uJBB,P\rL?!W^>~xzz~jӛ\r\rR\'Nzyy5[(nBB31YkO\0OPh!֟tkwd2dlp>Տ-BB`B8ᇺG|0<|_v}_뮲>}gO<4zҥPc~8{4~o9GQ:?/>8w\\ttvY}}ڕ{ffFLw7{Je6=\nյɣ0xK?4BB,~VW706Y|{IQ+wuĉ\"-_Wnݪ[6Pֲ}w(vBpe   \0!!!!!!@|~-&^ \0\08JLIs^v\0\0\0\0IENDB`'),(47,9,'PNG\r\n\Z\n\0\0\0\rIHDR\0\0X\0\0X\0\0\01\0\09IDATx	Pqϗzn7m64m6N7teN&Iܷ1%qc1``C0v`\"SBC		ud|-%DIHg<ϫЊ\0\0pc+\0\0\0\0B\0\0!\0\0@իW\\{}\"\"\"xbZZښ5k̼ٗ_|E(Oowo묨gZƂ?qጋcQ(_WWo~Ϻ%m9u^m+5>kMBh-$ Ϯo[[Ю3S>W0|2f^<6!@kʕ2vĉ[wݻWʽk4\Z.b?e5<W\\F{ƍ{Lus۷K71}L+G܍k֬6779Yz\Z~ŋ_~~~/~ppC=$][hhKC?NjEw|]gg~+	{7yO\\Ȣ>::*\"VO&&&\Z>\r)G?OS0YЛ~,Z#=Bē^ZllbH}f̒rD`E#m(]wyELa3朳XW^mtmַ._lE\rh7yMQ~3d1S/LtуF?]1q\"f>>XօV0KNN6ZΜ9czA\Z8ѝ}m|7ʪUOJF[[n7߉6}棟]&4񇶸OffޥKKKOů?9NTjOrX\"ct=;|7Zd)~\Z/?_ͺ7=fxϋo>u֭[υ.0-\\.A]Xt˶{nў~Z_%ӯEdboQ׳mv2z$閈Тz_zL/SJ%-}*ٺMS/ƛd0 =fj]99??Ei񩸘~C/[e]muoۆ-3ٯYM6~ׯ~+qᷛmsfyƺ6[4_/.5E0M}օP̡bP:Ƙ٣ضoX&I{Vu!=Bv222L&TTTH/o׿V(V,gΜ/)`׮]NjϛyL(jx%^|y{m~\Z}*Ek6̟sˮ~\rIun\"!Կoi}̹>XѿJ}viQF-V,N?D͹m_?Wj9,J7_Td9[-.5_900 Qf1Xt\"!ُC[eZT!tAG(\Zc˗}׮5I_M_~gooA~\'O4:m3\"kE-eKRKC*//Oܞ_}6B+9bun\"!\"Eߠ>{OqÇ>11̇~!s=-\'DFuttHя~/ѬKϾ矟;s/FJq0}[`f]\rciߖnw!sc1!W+@G-~^/2\"W==)5	if||Bꄐlw^pgN@%_FLZtWZ%zH|qϞ_k֬}衇bbb-C7<Vm3?]O[[ۏcq7>SLKR+N;\'fp+G)_6Vwt2Z4_d{R<?>#bQ_ACobChSBA<ͺv9/B%\"֤/j9}b氿8@A|||>\rs_ǅ!h4Do<w(<.\0\0kC*\0\0.T?\0\"\0\0BH\0\0!!\0BB\0 \0@	!\0\0@\0 \0\0B\0\0!\0\0\0\0B\0\0!\0\0@\0 \0\0B\0\0!\0\0\0\0B\0\0!\0\0@\0 \0\0B\0\0!\0\0\0\0B\0\0!\0\0@\0 \0\0B\0\0!\0\0\0\0B\0\0!\0\0@\0 \0\0B\0\0!\0\0\0\0B\0\0!\0\0@\0 \0\0B\0\0!\0B\0\0!$\0\0BH\0\0!!\0BB\0 \0@\0 \0\0B\0\0!\0\0\0\0B\0\0!\0\0@\0 \0\0B\0\0!\0\0\0\0B\0\0!\0\0@\0 \0\0B\0\0!\0\0\0\0B\0\0!\0\0@\0 \0\0B\0\0!\0\0\0\0B\0\0!\0\0@\0 \0\0B\0\0!\0\0\0\0B\0\0!\0\0@\0 \0\0B\0\0!\0\0\0@	!\0B\0\0!$\0\0BH\0\0!!\0B#\0\0!\0\0@\0 \0\0B\0\0!\0\0\0\0B\0\0!\0\0@\0 \0\0B\0\0!\0\0\0\0B\0\0!\0\0@\0 \0\0B\0\0!\0\0\0\0B\0\0!\0\0@\0 \0\0B\0\0!\0\0\0\0B\0\0!\0\0@353ucƟvqq_߾beqprC27CL/>LRfg+ssomw9qzGN!X>Bֹ-STF\Z8{wڗg^sKJ^;\Zz1,L՚PlY^ب(\0XM9m[\"-Zgssڙ&Bhbh<=bc[EE{^##6Q9m]냆˞B8{Lyz.FF64L|@+uRj_\"FymR>;h\\Z(̈vM7EwF/~KQlmt< %EFd[d`[\Z|:ܒ,+SE!$pwj?LmIRD__-KCҞ,/\0BH^>m-ҿ\r~L]۳~\"+v=NA	!\\ލUUS0[!ԏ	o^\' ܪ\Zs9Zc 8XԤS6 tƑƴibCP	tOjӑUS3q\"B)itɡ}˻C˴;.NQ^>~*(Bi|2\"ACA?~ވ;w!.BM\ZYYH\'YBawllGUͿg\Z!p>~>TgIsP\Z:ؖݻ\'8p箜K?]#mmiZ~ rOyww:oqԆ\r--<Aeӊhe!Hpbv+!))>>N@4ꦧyrus6G;k.BҳyrfLrSפk$B(_g\'\ZBbe@>>G\n\n!l.\"!Ťcx_B`Q4}wdgltq= dy&ָw,&C(27wwx>Q)RϦ:1P\Zt662)!`pOPkg++9X_ր\07PzesB`nclW;J㭔6 C	.w(!ԏׯo;v<!ަhwKۆZ}.\'=+!j@={8!ܚX!<[\nt\nsŘn,-eWRBow{ם+!cpaFa\0!{*l*t7$Sշn\\½*񤂄P\ZZƼ<ZB*Hݺ6l pqۚQAB8yx͝`I!kj;vxOx3B녯m099BWsOg\';S1 pg*T{|aMyBhP{{/(`!+8q*b(Z|6?;Y@~?(&uBh	i>pjT5b:\'(ř3,M p>jzsf7|ABhѐxe\nDm?s	mߗre,B82Hm{paeF8!p&oBh񗀀[pp!!̞LmBhq!\"v~NǂB%ZߡM7^x\r5B͕;Hq{򰏆%X#=yd\'j2	ۅN`;͍pg\'a4{)$dk^םdp&Bg9Z}4!\\k.X,!LIS7BHx^?r<!\\#+SS8g%\ZQBH	5ڻ#G2=¥BBH]*</v(!\\H%+V+ϟaY7BB( `vV™p^ -KO?xSIO}gY7BBx{;[.issʕ_Uaa/Xb<Gjۣ\rʊ=t:Ŝ!<vX턆Z]nXdB\\R`잞+Kh&H_$>xz!Ow<*}\ZV+?<rZkkF*++7n\'H_h4EELƄpߺuxN\'g^^ݻgRk~۶E!$=O?}o?1zKC(QTrԩS㦶&	_fbBC-#СCi)W^uF_?u >jV_l1!$օkub$$,sVX<wnȤ96B1[ʋ!1gʜka]]FDċ)zqT/\Z!!6իo|̙BiTKV\\+b?&%yj҆5yk~R~LLm\'?ٸfMqRRIIAjBC<J?b.6Ghwz߉/wc+eJ&K?/c]99MMMB#$EB*:+X#k6y铗	ҌO^z)\'w\'bPrynnJ\"B2W=gO=$M=N=\'YYuRBH9ٹii@G©eMQ\"\"\"քC!\r		bۑL1Ĭw&8_3p65N:dO^Zhv7߭pkVVQQCM5bvc?Ig [b|OU<Mm5ʟzJ)fqP&+Jҡ\Z;T#DBv!E@feBckKV͛\'&&XfAa?iK;Kh	JӧYlAaKou;	stmSvv^^8K.!lCjKeRxq^B^?:˸1\'\'??- NWɕ:רJIaK!!l7a4:sp;+x&nB8{<Y	Ӎbй9:8#BXXXh\'!3ijmfN%8׮--`Y!5%gKP	󎚤$zK\nB8ޞ+1̦yAAy99, XZRB.3Ln F)j+b%>9@ae2@<J],3\"gϞe!l2EƮ4¢\"Vˢ\rB\\~}cFfPB\Z\neqP{{K~ 0r(MO!ԣ 0+0wBW\ZWG{zzX	!!cGc;	+\rw^c\'8z f;J	!Lte2fMBzV.^cI\'RT̚FgxB%ui5	\rt\"ތB`ALBQCCC,섐\r}7BB6BLgwBHBB辛	8!$`!!ẗ́,XؗfBBH1BfJBD\\		!!d*3%!t~PB6BBcv/3%!teLH	!Qa$0J}[P*,Kխ̑T)\r\r\r,s\ZfW.HBL&eB|NRmIadBHa7q<9	?!$GIah=<!x\"?!$$!t#(Z[[Y	!!mGG	/c\'*k	/(++c\'U(96!tQũY	!!Tyg9#!tC	I&BHݝZ޳ّh=(+W0	BBFGG7mfv$3ھ8^c \rf	u!loog ĩ	р\0}9Btuuj	>Ǐg )JFBnCz&BH	!!$B1-2	BBPHm𮄄sfEBn +K\n͛!!$o&BH	!!$Bܬ¢?7SSSB%})&\"K\\!TB%\Z޷w&\'W{{O迺v,h|Ӥw!!R;<ͼs+./5,(9/3&=# X:o*d^ol_s$Usu}q!!$YΛR$$2ۢ\".lM7w,C	!!zx25|&mNI/);?nvZNBB;D25Ǵ]#._ߛQ2WB|#X&KVW\Z\Zҟ#ǐu6?BA2BBro2;.~\\\nM.,o\\VkkYl-m˝bB&BHȶm̎::p\'qW<ƺ́m8m<ͽ$Kccc;w0;Z}#YY;//O!Z#`hWIBw711Q]hԍ;Ǉ~lU??\nKLBޏBܶOѢ7\ZV;mdá6>TPù,C=!$AAfG7&Tn\'{sk2%4fؙ#G!!		fGs6FIOܵAAÙW{BxdfCx)f\0BH1sNy}\'j7?\";\ne78hpvf\0BH1gos¸˻9ТC,c^ϝ=&a 3̑FK㕰7o	pTG􃃃\0bFR2G\ZnhNNʨt́y`P(~1י!!ČFӹ9R90eco4lQmŉjΨ\rC8==@	!n;8{Omk\\IghцCy᪄\rZ?Ģ,=BB9hu#(<<jθ9Тse^=!,҇IB|ITsj8]g7ׅA 7|5^=~8>!$\\*ͅV]lT΄vnBC\r7X	!!juew)M_)6sm_&LN8x<*}~#!`\'tn3NOLy͵7ZtnĽ_{eTy&>!$;/\'߸30p>7[l5W?72?|BH񥎎HMnN..3N]l||6e7`\"T*UQ+nNܝ {ݝ7?||_;-s7uj2|]Bo&|Um;]{YphCRyKޔ!m&Hڼ#(}f+m\"oCh=e!!+o& PV9<lIG*lFSBfBIڌ8kiMv=CVFTl lhh`y\'so&S9с\'Ie-;as:g婩!by\'s;z{6!<ehbuXs#uQކBח54$n9ᡣRK6\'^uC,>(	!!)w;с	5\\# hǿ@B>u\'蓲\r;Re훒v|ȷrKvaX	!!)DǜֿRJHH?rC,U&nt7u\Z	4`^^9!$0Eє;c\Zb2mkra2N	!vWg_?jvus}BvpBH.GxuC(O+gs3oh\njB}tgkNb&j׮uEX	!!*-);7ĝ&\'N3QeZw/T*Y	!!FFF-Ty^/I*Bo4ҿÍ^\'@ay..%\Zp|Em)(KKuQB,JGGGTX!aEGj\rb>x>P2㕝vf@zSLyav1d2\nONNPbGOckHeVsPaalJ.bs5΂w9t3!188}x\'EL\"S5pmxgBXCn9C%[2П-5ht\r7n4`II	Buuu-~r#53Vv́I^es\Z&P(XAa=V{PqpQFh=e8Y(c!BTn緘+*MO7zqdB,BnZ\nJa!cyS֝\\huȑ#, X\r%UlbrgXqEXlYj̕+WXAammQQfFމ5i1Ild,j&\r\r^ܳgɀ6&\'\'Z۔ Pс[7n.xѽ))FCCC, .߱s7G&N̜Mfo,--eu455uPH*#,ml=7^J<-+g؂.^N3:SZBCRlkԌ87ۺ?䦔)8𫗂VZ-,!lL,Ksgbe[J?fvf,1-ȋ>=#huvۻqhcdOTμudRf,߹ԩg/[Aa_[S23a]h¾>SBhYY/S0Fji\nVVV:B{Ͷ	fa[%%%;vAB,)Fo_+1cyGZZ۶me!/(TڌeE͛7T*MB,ÇOr6QƲITVVQO>R	B%V:K?UpjjK;/:2c)Gh{99BBqTkPWc,݋FgI!r@ZSXR5{ׯ$b9\r2G3=\"#f(2Bw26VLͰoTA1qqB8G{/j>B8ׯ|ͰHL<;ŋY@Xz{{9\'iEAxCwaMײUA55\r8ðשԄ5B8.Z]_8c1CsvX@T*՞=\nrb\\^7uuul\Z!s,.c6gX7[f SRR211Bё3ΰt[םǩ@\nΞmG揠sr 788BtU\n\n,J pV:SaD7ϮAM>p1V~AV<X@_{GK\nVVVrB1B\\\Zc~~FX2Bפjkk\0Ɲ\nͮ`QQ8!\\N{AA)#:	\n\nT*	!\\fem pwMMgSwl mJ}Fdd[NF*B|KK_VK$\\~ĜJܼyekdd$7w$pwMNʝKYY3qA޶ߵ9Q Z]Qzs9O-444LOO!r*//\r	qC\Z((:u\0!Օ-0p8(=}ǜ	yB266VPP{RU\'|9{#R!6==gϞ]b݂8ˡZvC<399sB\ZJc̷_L^^x((BXcdd05u7\"(Ϸ\"XTT4<<3ޝ72Jh#8YY,BFwww~~~jje@(qIJ7ߊx:;;y9%Z]]]%1u5\\gotNBK[[ۦM23[8b9viҊRdE/!9Ĵ^M0[*\"B,✜B9K`aaŋY!đ#G򲲶$\'$Z^^IIMlNͮ r\Z^)ur!!}@Mbb]<ASTTt\'RR_{Gޕ\'sy{o\"PBh͛ovXqCKAARSw(!ٳg\n>?IFƎmo\ZGaDD{F\\9p\ZUwV==~ސ곳L\'P܍oB8)RY\\\\K݂!\\VݒZnUPi[`ggy.NLՊټT?ggoJKەx8 `tY,!iX;U]Heeeoo/A2<<|io\Z}E\\z{ODD%\'jX!- h4eeeNΆ2qaP		GKsr_QQQkkZBǏw\"+kKZ.~QSggo5\Z\ZxpSSSS]D}e3!!V!^+OR]])֏yB\"գ9ˑ!3H$\')i|Q +֥Ѻzzj.EE)efn3eOckkkE&\'\'yA	!07NRZ[[\\M{ -mgrr\\^x0.xx[!!v!	\r}/2RהT7=,+k@2Id^.FNNFnnsLBHk5ӧOEGHQ%bUVJgC@ff;v^8rBHEQ,2sX?yI/{G쑑-f{w>7!lLӍ)CYhISTIMv$;;;[ZZ?.*UVV&9!^ZZZ]] V\\8oD	!!iQVz3a7odN\'\n+,ʒ/?<\\#@	!i.w!\n~FB	!@a66?W->UVn->mn.X+ݷ*,\\^ECF!J-444\"<Ӱ.uB:Z~xڵW|.oJ$!$\0`5B}lU_>x]|,~&7gB\0X8ߕ#VΝ&2fء~6<k\0(g~z{?\\$O+QQ/ZR|E	!\0BBHBB\0䤤@\ZBB\06\"rr9BB\06hn:\'q	!!\0BB\0 \0@	!\0B\0\0!>\0B\0\0!\0\0\0\0B\0\0!\0\0@\0 \0\0B\0\0!\0\0\0\0B\0\0!\0\0@\0 \0\0B\0\0!\0\0\0\0B\0\0!\0\0@\0 \0\0B\0\0!\0\0\0\0B\0\0!\0\0@\0 \0\0B\0\0!\0\0\0\0B\0\0!\0\0@\0 \0\0B\0\0!\0\0\0\0B\0 \0@	!\0B\0\0!$\0\0BH\0\0!!\0B\0\0!\0\0\0\0B\0\0!\0\0@\0 \0\0B\0\0!\0\0\0\0B\0\0!\0\0@\0 \0\0B\0\0!\0\0\0\0B\0\0!\0\0@\0 \0\0B\0\0!\0\0\0\0B\0\0!\0\0@\0 \0\0B\0\0!\0\0\0\0B\0\0!\0\0@\0 \0\0B\0\0!\0\0\0\0B\0\0!\0BB\0 \0@	!\0B\0\0!$\0\0BH\0\0!\0\0\0\0B\0\0!\0\0@\0 \0\0B\0\0!\0\0\0\0B\0\0!\0\0@\0 \0\0B\0\0!\0\0\0\0B\0\0!\0qC\0[ \0\0B\0 \0\0B\0\0!\0\0chh}ɉx2Db=WG\0\'\'\rBeddr-x\Z\'3K4!!!@AABBBBBBrhhݷΊ+C544fwc2CC+*Zku.&-u\'h׺oʀ36o_6!hl쏎yeiw;f+%qڵgy546vDG̈́;J!4Nh>x9| X1|&!!\rB(ccԷpߜ9Zw}\ZfZzuUUk낱wf[?jt7n7No˿\\,r=?6TCw[?j?_\ZMZ/6_!l34\'N,.?3/觼E^R_F.pUPW6o6:...N?ۗ<zХ/y\\x\r+uv	mus/W?ٵkWooyk؜w\"MBBlEŜ!l-/7\'$X]]->%mZbE9CX^jtI\":$m\n_oooo1Wju\'3Ə>hx滵V_l/ BB,\ZaM͂Ӑ|+&\\҆\roxP̾[n{zzU/>s߷NgF;]f!BեK{|0*jtppiɓb_ĉ/-؀KT{H#*j`px#<\"LNN駟޼y|O뵏>fw2҈\Z\Z\\pp[kL!V6Fd/+d4lx,ġCyIf!01bqqqw$%%6,>8s~Mn;Y\'W0a coUobs!!Bx{ʕrEMАhb^ԯ|.6?U}}[yykMbhhtˈ??ŚW(Y}mΝ>sNn;AuFQ34:;<<O|=3qk؜w!!pF   \0!!!!LKOfhB\0\0=\'\0\0\0\0IENDB`');
/*!40000 ALTER TABLE `statistic_picture` ENABLE KEYS */;
UNLOCK TABLES;
/*!40103 SET TIME_ZONE=@OLD_TIME_ZONE */;

/*!40101 SET SQL_MODE=@OLD_SQL_MODE */;
/*!40014 SET FOREIGN_KEY_CHECKS=@OLD_FOREIGN_KEY_CHECKS */;
/*!40014 SET UNIQUE_CHECKS=@OLD_UNIQUE_CHECKS */;
/*!40101 SET CHARACTER_SET_CLIENT=@OLD_CHARACTER_SET_CLIENT */;
/*!40101 SET CHARACTER_SET_RESULTS=@OLD_CHARACTER_SET_RESULTS */;
/*!40101 SET COLLATION_CONNECTION=@OLD_COLLATION_CONNECTION */;
/*!40111 SET SQL_NOTES=@OLD_SQL_NOTES */;

-- Dump completed on 2013-12-13  9:18:30
