CREATE DATABASE  IF NOT EXISTS `rsus` /*!40100 DEFAULT CHARACTER SET utf8 */;
USE `rsus`;
-- MySQL dump 10.13  Distrib 5.6.13, for Win32 (x86)
--
-- Host: 127.0.0.1    Database: rsus
-- ------------------------------------------------------
-- Server version	5.6.15

/*!40101 SET @OLD_CHARACTER_SET_CLIENT=@@CHARACTER_SET_CLIENT */;
/*!40101 SET @OLD_CHARACTER_SET_RESULTS=@@CHARACTER_SET_RESULTS */;
/*!40101 SET @OLD_COLLATION_CONNECTION=@@COLLATION_CONNECTION */;
/*!40101 SET NAMES utf8 */;
/*!40103 SET @OLD_TIME_ZONE=@@TIME_ZONE */;
/*!40103 SET TIME_ZONE='+00:00' */;
/*!40014 SET @OLD_UNIQUE_CHECKS=@@UNIQUE_CHECKS, UNIQUE_CHECKS=0 */;
/*!40014 SET @OLD_FOREIGN_KEY_CHECKS=@@FOREIGN_KEY_CHECKS, FOREIGN_KEY_CHECKS=0 */;
/*!40101 SET @OLD_SQL_MODE=@@SQL_MODE, SQL_MODE='NO_AUTO_VALUE_ON_ZERO' */;
/*!40111 SET @OLD_SQL_NOTES=@@SQL_NOTES, SQL_NOTES=0 */;

--
-- Table structure for table `category`
--

DROP TABLE IF EXISTS `category`;
/*!40101 SET @saved_cs_client     = @@character_set_client */;
/*!40101 SET character_set_client = utf8 */;
CREATE TABLE `category` (
  `idcategory` int(11) NOT NULL AUTO_INCREMENT,
  `category_name` varchar(45) NOT NULL,
  PRIMARY KEY (`idcategory`)
) ENGINE=InnoDB AUTO_INCREMENT=44 DEFAULT CHARSET=utf8;
/*!40101 SET character_set_client = @saved_cs_client */;

--
-- Dumping data for table `category`
--

LOCK TABLES `category` WRITE;
/*!40000 ALTER TABLE `category` DISABLE KEYS */;
INSERT INTO `category` VALUES (39,'HTML'),(40,'CSS'),(41,'Konzistencija'),(42,'RASUS'),(43,'SU');
/*!40000 ALTER TABLE `category` ENABLE KEYS */;
UNLOCK TABLES;

--
-- Table structure for table `chosen_answer`
--

DROP TABLE IF EXISTS `chosen_answer`;
/*!40101 SET @saved_cs_client     = @@character_set_client */;
/*!40101 SET character_set_client = utf8 */;
CREATE TABLE `chosen_answer` (
  `idchosen_answer` int(11) NOT NULL AUTO_INCREMENT,
  `text_answer` varchar(45) DEFAULT NULL,
  `idquiz` int(11) NOT NULL,
  `idquestion` int(11) NOT NULL,
  PRIMARY KEY (`idchosen_answer`),
  KEY `fk_chosen_answer_on_question_in_quiz_quiz1_idx` (`idquiz`),
  KEY `fk_chosen_answer_on_question_in_quiz_question1_idx` (`idquestion`),
  CONSTRAINT `fk_chosen_answer_on_question_in_quiz_question1` FOREIGN KEY (`idquestion`) REFERENCES `question` (`idquestion`) ON DELETE NO ACTION ON UPDATE NO ACTION,
  CONSTRAINT `fk_chosen_answer_on_question_in_quiz_quiz1` FOREIGN KEY (`idquiz`) REFERENCES `quiz` (`idquiz`) ON DELETE NO ACTION ON UPDATE NO ACTION
) ENGINE=InnoDB AUTO_INCREMENT=191 DEFAULT CHARSET=utf8;
/*!40101 SET character_set_client = @saved_cs_client */;

--
-- Dumping data for table `chosen_answer`
--

LOCK TABLES `chosen_answer` WRITE;
/*!40000 ALTER TABLE `chosen_answer` DISABLE KEYS */;
INSERT INTO `chosen_answer` VALUES (167,'tocan odg 1',21,58),(168,'dsafaf',21,59),(169,'netocan netocan',21,58),(170,'fsf',21,59),(171,'netoca',21,58),(172,'f',21,59),(173,'tocan odg 1',21,58),(174,'dsafaf',21,59),(175,'Čupićev predmet!',23,61),(176,'Model!',23,60),(177,'gay',23,63),(178,'nije zanimvlji',23,62),(179,'Čupićev predmet!',23,61),(180,'Model!',23,60),(181,'sffsa',23,63),(182,'nije zanimvlji',23,62),(183,'Čupićev predmet!',23,61),(184,'Model!',23,60),(185,'gay',23,63),(186,'nije zanimvlji',23,62),(187,'Čupićev predmet!',23,61),(188,'Model!',23,60),(189,'gay',23,63),(190,'bla bal',23,62);
/*!40000 ALTER TABLE `chosen_answer` ENABLE KEYS */;
UNLOCK TABLES;

--
-- Table structure for table `correct_answer`
--

DROP TABLE IF EXISTS `correct_answer`;
/*!40101 SET @saved_cs_client     = @@character_set_client */;
/*!40101 SET character_set_client = utf8 */;
CREATE TABLE `correct_answer` (
  `idcorrect_answers` int(11) NOT NULL AUTO_INCREMENT,
  `text_answer` varchar(45) NOT NULL,
  `idquestion` int(11) NOT NULL,
  PRIMARY KEY (`idcorrect_answers`),
  KEY `fk_corect_answers_question1_idx` (`idquestion`),
  CONSTRAINT `fk_corect_answers_question1` FOREIGN KEY (`idquestion`) REFERENCES `question` (`idquestion`) ON DELETE NO ACTION ON UPDATE NO ACTION
) ENGINE=InnoDB AUTO_INCREMENT=26 DEFAULT CHARSET=utf8;
/*!40101 SET character_set_client = @saved_cs_client */;

--
-- Dumping data for table `correct_answer`
--

LOCK TABLES `correct_answer` WRITE;
/*!40000 ALTER TABLE `correct_answer` DISABLE KEYS */;
INSERT INTO `correct_answer` VALUES (17,'fsafsa',55),(18,'fsaf',56),(19,'csaca',57),(20,'tocan odg 1',58),(21,'dsafaf',59),(22,'Način kažnjavanja složenosti',60),(23,'Šnajderov predmet!',61),(24,'Zanimljiv',62),(25,'gay',63);
/*!40000 ALTER TABLE `correct_answer` ENABLE KEYS */;
UNLOCK TABLES;

--
-- Table structure for table `incorrect_answers`
--

DROP TABLE IF EXISTS `incorrect_answers`;
/*!40101 SET @saved_cs_client     = @@character_set_client */;
/*!40101 SET character_set_client = utf8 */;
CREATE TABLE `incorrect_answers` (
  `idincorrect_answer` int(11) NOT NULL AUTO_INCREMENT,
  `text_answer` varchar(45) NOT NULL,
  `idquestion` int(11) NOT NULL,
  PRIMARY KEY (`idincorrect_answer`),
  KEY `fk_answer_question_idx` (`idquestion`),
  CONSTRAINT `fk_answer_question` FOREIGN KEY (`idquestion`) REFERENCES `question` (`idquestion`) ON DELETE NO ACTION ON UPDATE NO ACTION
) ENGINE=InnoDB AUTO_INCREMENT=53 DEFAULT CHARSET=utf8;
/*!40101 SET character_set_client = @saved_cs_client */;

--
-- Dumping data for table `incorrect_answers`
--

LOCK TABLES `incorrect_answers` WRITE;
/*!40000 ALTER TABLE `incorrect_answers` DISABLE KEYS */;
INSERT INTO `incorrect_answers` VALUES (37,'fsafa',55),(38,'fsafas',55),(39,'fsafa',56),(40,'fsafasfa',56),(41,'csac',57),(42,'csac',57),(43,'netocan netocan',58),(44,'netoca',58),(45,'fsf',59),(46,'f',59),(47,'Model!',60),(48,'Hiperparametar',60),(49,'Čupićev predmet!',61),(50,'Botičkov predmet!',61),(51,'nije zanimvlji',62),(52,'bla bal',62);
/*!40000 ALTER TABLE `incorrect_answers` ENABLE KEYS */;
UNLOCK TABLES;

--
-- Table structure for table `professor`
--

DROP TABLE IF EXISTS `professor`;
/*!40101 SET @saved_cs_client     = @@character_set_client */;
/*!40101 SET character_set_client = utf8 */;
CREATE TABLE `professor` (
  `idprofessor` int(11) NOT NULL AUTO_INCREMENT,
  `first_name` varchar(45) NOT NULL,
  `surname` varchar(45) NOT NULL,
  `department` varchar(45) NOT NULL,
  `username` varchar(45) NOT NULL,
  `password` varchar(45) NOT NULL,
  PRIMARY KEY (`idprofessor`),
  UNIQUE KEY `username_UNIQUE` (`username`)
) ENGINE=InnoDB AUTO_INCREMENT=30 DEFAULT CHARSET=utf8;
/*!40101 SET character_set_client = @saved_cs_client */;

--
-- Dumping data for table `professor`
--

LOCK TABLES `professor` WRITE;
/*!40000 ALTER TABLE `professor` DISABLE KEYS */;
INSERT INTO `professor` VALUES (29,'Filip','Cajko','ZEMRIS','filippm','123');
/*!40000 ALTER TABLE `professor` ENABLE KEYS */;
UNLOCK TABLES;

--
-- Table structure for table `professor_has_category`
--

DROP TABLE IF EXISTS `professor_has_category`;
/*!40101 SET @saved_cs_client     = @@character_set_client */;
/*!40101 SET character_set_client = utf8 */;
CREATE TABLE `professor_has_category` (
  `idcategory` int(11) NOT NULL,
  `idprofessor` int(11) NOT NULL,
  PRIMARY KEY (`idcategory`,`idprofessor`),
  KEY `fk_category_has_professor_professor1_idx` (`idprofessor`),
  KEY `fk_category_has_professor_category1_idx` (`idcategory`),
  CONSTRAINT `fk_category_has_professor_category1` FOREIGN KEY (`idcategory`) REFERENCES `category` (`idcategory`) ON DELETE NO ACTION ON UPDATE NO ACTION,
  CONSTRAINT `fk_category_has_professor_professor1` FOREIGN KEY (`idprofessor`) REFERENCES `professor` (`idprofessor`) ON DELETE NO ACTION ON UPDATE NO ACTION
) ENGINE=InnoDB DEFAULT CHARSET=utf8;
/*!40101 SET character_set_client = @saved_cs_client */;

--
-- Dumping data for table `professor_has_category`
--

LOCK TABLES `professor_has_category` WRITE;
/*!40000 ALTER TABLE `professor_has_category` DISABLE KEYS */;
INSERT INTO `professor_has_category` VALUES (39,29),(40,29),(41,29),(42,29),(43,29);
/*!40000 ALTER TABLE `professor_has_category` ENABLE KEYS */;
UNLOCK TABLES;

--
-- Table structure for table `question`
--

DROP TABLE IF EXISTS `question`;
/*!40101 SET @saved_cs_client     = @@character_set_client */;
/*!40101 SET character_set_client = utf8 */;
CREATE TABLE `question` (
  `idquestion` int(11) NOT NULL AUTO_INCREMENT,
  `text_question` varchar(200) NOT NULL,
  `idprofessor` int(11) NOT NULL,
  `idcategory` int(11) NOT NULL,
  PRIMARY KEY (`idquestion`),
  KEY `fk_question_professor1_idx` (`idprofessor`),
  KEY `fk_question_category1_idx` (`idcategory`),
  CONSTRAINT `fk_question_category1` FOREIGN KEY (`idcategory`) REFERENCES `category` (`idcategory`) ON DELETE NO ACTION ON UPDATE NO ACTION,
  CONSTRAINT `fk_question_professor1` FOREIGN KEY (`idprofessor`) REFERENCES `professor` (`idprofessor`) ON DELETE NO ACTION ON UPDATE NO ACTION
) ENGINE=InnoDB AUTO_INCREMENT=64 DEFAULT CHARSET=utf8;
/*!40101 SET character_set_client = @saved_cs_client */;

--
-- Dumping data for table `question`
--

LOCK TABLES `question` WRITE;
/*!40000 ALTER TABLE `question` DISABLE KEYS */;
INSERT INTO `question` VALUES (55,'fsafa',29,43),(56,'safasfa',29,39),(57,'cacc',29,39),(58,'Pitanje z htmla',29,42),(59,'drugo piranje',29,42),(60,'Što je regularizacija?',29,43),(61,'Što je Strojno učenje?',29,43),(62,'Ovaj kviz je',29,43),(63,'Šnajder je',29,43);
/*!40000 ALTER TABLE `question` ENABLE KEYS */;
UNLOCK TABLES;

--
-- Table structure for table `quiz`
--

DROP TABLE IF EXISTS `quiz`;
/*!40101 SET @saved_cs_client     = @@character_set_client */;
/*!40101 SET character_set_client = utf8 */;
CREATE TABLE `quiz` (
  `idquiz` int(11) NOT NULL AUTO_INCREMENT,
  `quiz_name` varchar(45) NOT NULL,
  `idprofessor` int(11) NOT NULL,
  `idcategory` int(11) NOT NULL,
  `activated` bit(1) NOT NULL DEFAULT b'0',
  `code` varchar(45) NOT NULL DEFAULT '0',
  PRIMARY KEY (`idquiz`),
  UNIQUE KEY `code_UNIQUE` (`code`),
  KEY `fk_quiz_professor1_idx` (`idprofessor`),
  KEY `fk_quiz_category1_idx` (`idcategory`),
  CONSTRAINT `fk_quiz_category1` FOREIGN KEY (`idcategory`) REFERENCES `category` (`idcategory`) ON DELETE NO ACTION ON UPDATE NO ACTION,
  CONSTRAINT `fk_quiz_professor1` FOREIGN KEY (`idprofessor`) REFERENCES `professor` (`idprofessor`) ON DELETE NO ACTION ON UPDATE NO ACTION
) ENGINE=InnoDB AUTO_INCREMENT=24 DEFAULT CHARSET=utf8;
/*!40101 SET character_set_client = @saved_cs_client */;

--
-- Dumping data for table `quiz`
--

LOCK TABLES `quiz` WRITE;
/*!40000 ALTER TABLE `quiz` DISABLE KEYS */;
INSERT INTO `quiz` VALUES (20,'fsf',29,39,'\0','ffff'),(21,'Rasus',29,42,'','222'),(22,'sfsa',29,42,'\0','fsa'),(23,'Kviz prvi!',29,43,'\0','kviz');
/*!40000 ALTER TABLE `quiz` ENABLE KEYS */;
UNLOCK TABLES;

--
-- Table structure for table `quiz_has_question`
--

DROP TABLE IF EXISTS `quiz_has_question`;
/*!40101 SET @saved_cs_client     = @@character_set_client */;
/*!40101 SET character_set_client = utf8 */;
CREATE TABLE `quiz_has_question` (
  `idquiz` int(11) NOT NULL,
  `idquestion` int(11) NOT NULL,
  `activated` bit(1) NOT NULL,
  `order_number` int(11) NOT NULL,
  `finished` bit(1) NOT NULL DEFAULT b'0',
  PRIMARY KEY (`idquiz`,`idquestion`),
  KEY `fk_quiz_has_question_question1_idx` (`idquestion`),
  KEY `fk_quiz_has_question_quiz1_idx` (`idquiz`),
  CONSTRAINT `fk_quiz_has_question_question1` FOREIGN KEY (`idquestion`) REFERENCES `question` (`idquestion`) ON DELETE NO ACTION ON UPDATE NO ACTION,
  CONSTRAINT `fk_quiz_has_question_quiz1` FOREIGN KEY (`idquiz`) REFERENCES `quiz` (`idquiz`) ON DELETE NO ACTION ON UPDATE NO ACTION
) ENGINE=InnoDB DEFAULT CHARSET=utf8;
/*!40101 SET character_set_client = @saved_cs_client */;

--
-- Dumping data for table `quiz_has_question`
--

LOCK TABLES `quiz_has_question` WRITE;
/*!40000 ALTER TABLE `quiz_has_question` DISABLE KEYS */;
INSERT INTO `quiz_has_question` VALUES (20,56,'\0',0,'\0'),(20,57,'\0',1,'\0'),(21,58,'\0',0,'\0'),(22,59,'\0',0,'\0'),(23,60,'\0',1,'\0'),(23,61,'\0',0,'\0'),(23,62,'\0',3,'\0'),(23,63,'\0',2,'\0');
/*!40000 ALTER TABLE `quiz_has_question` ENABLE KEYS */;
UNLOCK TABLES;

--
-- Table structure for table `statistic_picture`
--

DROP TABLE IF EXISTS `statistic_picture`;
/*!40101 SET @saved_cs_client     = @@character_set_client */;
/*!40101 SET character_set_client = utf8 */;
CREATE TABLE `statistic_picture` (
  `idquestion` int(11) NOT NULL,
  `idquiz` int(11) NOT NULL,
  `picture` mediumblob,
  PRIMARY KEY (`idquestion`,`idquiz`),
  KEY `fk_statistic_picture_question1_idx` (`idquestion`),
  KEY `fk_statistic_picture_quiz1_idx` (`idquiz`),
  CONSTRAINT `fk_statistic_picture_question1` FOREIGN KEY (`idquestion`) REFERENCES `question` (`idquestion`) ON DELETE NO ACTION ON UPDATE NO ACTION,
  CONSTRAINT `fk_statistic_picture_quiz1` FOREIGN KEY (`idquiz`) REFERENCES `quiz` (`idquiz`) ON DELETE NO ACTION ON UPDATE NO ACTION
) ENGINE=InnoDB DEFAULT CHARSET=utf8;
/*!40101 SET character_set_client = @saved_cs_client */;

--
-- Dumping data for table `statistic_picture`
--

LOCK TABLES `statistic_picture` WRITE;
/*!40000 ALTER TABLE `statistic_picture` DISABLE KEYS */;
INSERT INTO `statistic_picture` VALUES (56,20,'PNG\r\n\Z\n\0\0\0\rIHDR\0\0X\0\0X\0\0\01\0\0\rpIDATxKq!D@$AB:DD%DB\"\"$DEt(ѡ~TN!1Jx(\"~Cͺ+o^v-b\0 \0 \0 \0 \0 wFFFZ[[8011R̰tڵo[.^M_naaΝ}ORgϞ=>|hn?k	>|p_M۩̙3Bɉ\'Z\Z8{VpkbKH۱cG|?~_|}OZ[[o?<x ^;d0[ooo\',a޽/=ׯW^\ro㳇OMMѭKӥFRln9a3gff6,_&}Rcxx~WWWGGG;;;.^+R=Ɖ1~D!$% qpsNd\"ѣϝ;WdcccQx\">vX7S{9~mgݵ3mXP۷V=1~D!$ʕ+rdddvv6}pС0?kS/\'WVVpgŇo޼ٵkWqt\'nkqZbYZ8	0N闐I޽\'pq2W˗/pU=ݔ{=$!l۷oϟs}ԩe(֭[GbɊ0LQEIO.ln\nO+BSR\\b\r+&]^^{-;8ӧx1N%7q`ݔ{=$!,,,߿ccca(mVdo߮}T___X&BX}xz6488yIsi΍°围4Y|[QHNϟ{H4Bdqqn㵬Q;=}tx}޽A?-qQv!i΍.m&-M_,=gJt{f{l~kzz:~kٳg~BS|Dϟ?߸qb?33S#$ʺ_[Z7rS߸\Zq2dW?ܤbi p7pY; LLL4ahL:j&Yz\\1^v>vիW_=׭$<jË˩eGGGӗs7in@ݼy3?#4ݔϕ4B2SG^~9|pq/CƩgltA6F%5\nXL-\rvnKuIsCWY0dzӻ)w+wi dpjjo3I҄\'OP[[[x߆ᔥ\'tRqoӇ\nu3??6#GFݤMٹpBg	)Taz7pzs.\rc\\c]@O	a8mZ\\\\, g!\\p\0!_oS?~<\rP?%\n!\04\0`[{a*??\0l_B\n!\0B(\0 B\n!\0B(\0!\0!\0!\0!\0!\0!\0!\0!\0!\0!\0!\0!\0!\0!\0!\0!\0!\0!\0!\0!\0!\0!\0!\0!\0!\0!\0!\0!\0!\0!\0!\0!\0!\0!\0!\0!\0!\0!\0!\0!\0!\0!\0!\0!\0!\0B(\0 B\n!\0B(\0 B B\n!\0B(\0 B\n!\0Bh \0 \0 \0 \0 \0 \0 \0 \0 \0 \0 \0 \0 \0 \0 \0 \0 \0 \0 \0 \0 \0 \0 \0 \0 \0 \0 \0 \0 \0 \0 \0 \0 \0 \0 \0 \0 \0 \0 \0 \0 \0 \0 \0 \0 B\n!\0B(\0 B\n!\0B\0B\0B\0B\0B\0B\0B\0B\0B\0B\0B\0B\0B\0B\0B\0B\0B\0B\0B\0B\0B\0B\0B\0B\0B\0B\0B\0B\0B\0B\0B\0B\0B\0B\0B\0B\0B\0B\0B\0B\0B\0B\0B\0B\0B\n!\0B(\0 B\n!\0B(\0 \0 \0 \0 \0 \0 \0 \0 \0 \0 \0 \0 \0 \0 \0 \0 \0 \0 \0 \0 \0 \0 \0 \0 \0 \0 \0 \0 \0 \0 \0 \0 \0 \0 \0 \0 \0 \0 \0 \0 \0 \0 \0 \0 \0 \0 B\n!\0B(\0 B B\n!\0B(\0 B\n!\0B(\0!\0!\0!\0!\0!\0!\0!\0!\0!\0!\0!\0!\0!\0!\0!\0!\0!\0!\0!\0!\0!\0!\0!\0!\0!\0!\0!\0!\0!\0!\0!\0!\0!\0!\0!\0!\0!\0!\0!\0!\0!\0!\0!\0!\0!\0B(\0 B\n!\0B(\0 \0B\0B\0B\0B\0B\0B\0B\0B\0B\0B\0B\0B\0B\0B\0B\0B\0B\0B\0B\0B\0B\0B\0B\0B\0B\0B\0B\0B\0B\0B\0B\0B\0B\0B\0B\0B\0B\0B\0B\0B\0B\0B\0B\0B\n!\0B(\0 B\n!\0B(\0 \0 \0 \0 \0 \0 \0 \0 \0 \0 \0 \0 \0 \0 \0 \0 \0 \0 \0 \0 \0 \0 \0 \0 \0 \0 \0 \0 \0 \0 \0 \0 \0 \0 \0 \0 \0 \0 \0 \0 \0 \0 \0 \0 \0 \0 B\n!\0B(\0 B\n!\0B\0B\0B\0B\0B\0B\0B\0B\0B\0B\0B\0B\0B\0B\0B\0B\0B\0B\0B\0B\0B\0B\0B\0B\0B\0B\0B\0B\0B\0B\0B\0B\0B\0B\0B\0B\0B\0B\0B\0B\0B\0B\0B\0B\0B\n!\0B(\0 B\n!\0B(\0!\0!\0!\0!\0!\0!\0!\0!\0!\0!\0!\0!\0!\0!\0!\0!\0!\0!\0!\0!\0!\0!\0!\0!\0!\0!\0!\0!\0!\0!\0!\0!\0!\0!\0!\0!\0!\0!\0!\0!\0!\0!\0!\0!\0!\0B(\0a>.B\0!\0B\0B\0\0W/lj\0\0\0\0IENDB`'),(57,20,'PNG\r\n\Z\n\0\0\0\rIHDR\0\0X\0\0X\0\0\01\0\0\ruIDATxgl&)]LbI2.n2#I63&Iv.\"颲$3݌I2K$Mv3)Iso^9y>9Oy9lO\069\0!\0!\0!\0!\0!хܕ+W:;;KXuO_\\!w|B(kzzz˖-l߾ǏM5ª!\\ !4ѣj8}Zpm?`-B)ŋܻw/R9eZWWWX\'cǎZ˗;::⣇ƾ}Vrx\\<uT~2A~cgggX?999b=uwwuZ[[WH844G;wϟ3gcg{\'m^BOlx֭0ɖIEqbb0,pjan ϟ??>|84ouq*3߽{W2Kl۶r*^m׮]KKKCٹsgaǏ9>m.]T+O<6iޯ~游0337<-}v֭={ӝՒtZY8iYZ8\r0.OCƿ}v\\Oϟ?évXxb\\\'C	OǏap~ 0\r={_ܸqСCަ%KaZOL	VEIO(h\\ϪVԧ-~Dp8i➄?aC:??<2_|עb4H|O>;vիWev8mAYW_ٽ{we3v8Vd7oެĉa\ZaRy~VyQcZZCZXLoWBfۮ:2!իW݂w˛ɓ\'+;w;Ӹe.VR85?͛7qA\Zd{;6/!*]\Z}oڥ7&\r0k7\'\'\'?B[𸱩Cqҽq7b8.ݛFkFGGGÇI.`w8m^Bhp!kiiiqq1ҒIo/T_K:]ga*,\\[uŗ/_߷ՊE˗\nCCCzC>u?Ϟ=~e q1$ouN\no\ry&st{ooϪ?dOOO#ٰ\'~kM~j]ƩzC9~>?pyy9~axQ>A211QBohXx=K{{@9$BiI<z922VN]qi:tvvƳ.xn^=*|gff+ƃkUCEx%HlJ篏Nǯ̇U٪UOfU!+\no%Lzvv6]w+B[>rHܡJ\06j\0>|?\0B\0PB!@\0!B\0PB!@@@@@@@@@@@@@@@@@@@@@@@@@@@@@@@@@@@@@@@@@@@@@B!@\0!B\0PB!@\0!B\0\0\0\0\0\0\0\0\0\0\0\0\0\0\0\0\0\0\0\0\0\0\0\0\0\0\0\0\0\0\0\0\0\0\0\0\0\0\0\0\0\0\0\0\0\0!B\0PB!@\0!B\0PB\0!\0!\0!\0!\0!\0!\0!\0!\0!\0!\0!\0!\0!\0!\0!\0!\0!\0!\0!\0!\0!\0!\0!\0!\0!\0!\0!\0!\0!\0!\0!\0!\0!\0!\0!\0!\0!\0!\0!\0!\0!\0!\0!\0!@\0!B\0PB!@\0!B\0PB\0B\0B\0B\0B\0B\0B\0B\0B\0B\0B\0B\0B\0B\0B\0B\0B\0B\0B\0B\0B\0B\0B\0B\0B\0B\0B\0B\0B\0B\0B\0B\0B\0B\0B\0B\0B\0B\0B\0B\0B\0B\0B\0B\0B\0PB!@\0!B\0PB!@\0!\0!\0!\0!\0!\0!\0!\0!\0!\0!\0!\0!\0!\0!\0!\0!\0!\0!\0!\0!\0!\0!\0!\0!\0!\0!\0!\0!\0!\0!\0!\0!\0!\0!\0!\0!\0!\0!\0!\0!\0!\0!\0!\0!\0!@\0!B\0PB!@\0!B\0\0\0\0\0\0\0\0\0\0\0\0\0\0\0\0\0\0\0\0\0\0\0\0\0\0\0\0\0\0\0\0\0\0\0\0\0\0\0\0\0\0\0\0\0\0!B\0PB!@\0!B\0PB!@@@@@@@@@@@@@@@@@@@@@@@@@@@@@@@@@@@@@@@@@@@@@B!@\0!B\0PB!@\0!t\0B\0B\0B\0B\0B\0B\0B\0B\0B\0B\0B\0B\0B\0B\0B\0B\0B\0B\0B\0B\0B\0B\0B\0B\0B\0B\0B\0B\0B\0B\0B\0B\0B\0B\0B\0B\0B\0B\0B\0B\0B\0B\0B\0B\0PB!@\0!B\0PB!@\0!\0!\0!\0!\0!\0!\0!\0!\0!\0!\0!\0!\0!\0!\0!\0!\0!\0!\0!\0!\0!\0!\0!\0!\0!\0!\0!\0!\0!\0!\0!\0!\0!\0!\0!\0!\0!\0!\0!\0!\0!\0!\0!\0!\0!@\0!B\0PB!@\0!B\0PB\0B\0B\0B\0B\0B\0B\0B\0B\0B\0B\0B\0B\0B\0B\0B\0B\0B\0B\0B\0B\0B\0B\0B\0B\0B\0B\0B\0B\0B\0B\0B\0B\0B\0B\0B\0B\0B\0B\0B\0B\0B\0B\0B\0B\0PB!@\0!B\0PB!@@@@@@@@@@@@@@@@@@@@@@@@@@@@@@@@@@@@@@@@@@@@@B!@k>\0r!\rEB\0B\0؀!_\0\0\0\0IENDB`'),(58,21,'PNG\r\n\Z\n\0\0\0\rIHDR\0\0X\0\0X\0\0\01\0\05IDATxPSwq纎jw;mv^qMwv׊ \" 1EATP?UjAr,z,RHc)k_cB!^b	y/%\0\0MW\0\0 \0\0B\0\0!\0\0\0\0B͛2eĉޟjkk|IoӵrmtL4~wq_ 5O|*V	f|F^ˏ\ZFvw	!4&}?!B{n7pTpJr.47ci!8qd=zm۷oι{-Ά7W8,,}˛|\\ۣ]f㷛|-}__osv\\5>ߓ\'OZ+5?O2w_@@xx@O>n~xwͤn{lZӧųCq)44sԇeuuGKr̙3gsyɒ%?ݱ1B\"=i\\nlJę;w4?ƒbbv#QZmc(|`c081\Z_@d+j1ek:u꧟~z7!|$s=ai{ߝ1=@1^V\\i2̛7O<)㏋/}m`˛#nK_677WTTXYɰx3q]xGm$$Vz$f;\'߅JJ_o\n+})Vŗ+V+v~;_6}G-//)\"?K^VO+X!b16^|E+$=iii>Y%WCŤ#3YGmQPyQoEb=v2f7I%_z^YgҗҶhKqcXG ~3g<~YXAzTr%c}bTVVg?3BCC,bM|#%[vw7ʌm^.{ng<_ɗ&dw!)VV?SNoܯ=[l>VA1jjjon*mӟj2N>-TymcM«jmJz=#摶:Wj]1#_\rH_wX VliQ+//Ibǔ!TTcMN<)!nm3d\'~T+^/})VmUWj/~_B/+_wc /#$\Zc=O?|8{IG/o/?z,d֨nMz~L\Zi٘x/	1[߼<_XgXyT_Ksȑsnxl5>,;czb&/\rʻt:2o&k}avﻴ>d~y%W_5.~ɗE\\=߶?Wh\0iinұΰ&/g\ZBw_6}\ZQvܝ1=@1-/~1)S)f[F</G~~~&MxyL<\'g<@ddko7?^XҾ멨կ~%~<󌕝J+cÝXq-ĳ駈\'3;ܯq\nKncpL^U/Vy #֤kjjmk*~_1R/B@&}?ZzsOcDJ_ \0\0xGw\0\0hBk׮a\0\0\0!!\0BB\0 \0@	!\0B\0\0!$\0\0B\0\0!\0\0@\0 \0\0B\0\0!\0\0\0\0B\0\0!\0\0@\0 \0\0B\0\0!\0\0\0\0B\0\0!\0\0@\0 \0\0B\0\0!\0\0\0\0B\0\0!\0\0@\0 \0\0B\0\0!\0\0\0\0B\0\0!\0\0@\0 \0\0B\0\0!\0\0\0\0B\0\0!\0\0@\0 \0\0BH\0\0!!\0BB\0 \0@	!\0B\0\0!\0\0@\0 \0\0B\0\0!\0\0\0\0B\0\0!\0\0@\0 \0\0B\0\0!\0\0\0\0B\0\0!\0\0@\0 \0\0B\0\0!\0\0\0\0B\0\0!\0\0@\0 \0\0B\0\0!\0\0\0\0B\0\0!\0\0@\0 \0\0B\0\0!\0\0\0\0B\0\0!\0\0@\0 \0\0B\0\0!$\0\0BH\0\0!!\0BB\0 \0@\0!\0\0\0\0B\0\0!\0\0@\0 \0\0B\0\0!\0\0\0\0B\0\0!\0\0@\0 \0\0B\0\0!\0\0\0\0B\0\0!\0\0@\0 \0\0B\0\0!\0\0\0\0B\0\0!\0\0@\0 \0\0B\0\0!\0\0\0\0B7;;?lO˞[76dgb$\'ĖJ )雓S]z732*6m۾С7p}ɩS;jwYfRyRtYb,Y2m_ٳgY;ccGYC>>=~~!!ZK%&j5\Z5o}/+\0pߧߗ^lҲ\"x[T;+J9sՄk֮ضM_ZzooBz{^?ST/+[~a`G<d||:\Zʒ+33k|yhh?@;{K%K:oC7N!4gU\\Y[s`ϵkMBiBhqѢ5k*\n: hBBcۛ\'&GGjۆx\\	\n*MN.n>sA	!ZPwAS;\nqV|/%Bx]W׬^]\Z\Z<\Z-痩յvvv\0!$PZ~s\Z.\"<+DBBe^dҲ?w<:K7x؀cǒN$UU3ŕnq jM{W[@MzP\'6m#\nl޹؊`!sXy\"\'G!ov5;7mσB(ƥKOv|	4B<lE`{$B(ŋ|!Fj{k*<bCB(m,>pwk!\\꛵oՆ04|}+֮twBѬ/>	~saPБ6 \\꾔r\"e~G\'P!VǗ!WP.kv>:Þi4\rϣ/.]@e$Pa!F%v\nB8W_.-V̊RC(=[YVV^p>\\ud !Fʕ *+.v&GW`|!!`Ԓ`&P!v(-Wk/\\GJVx%1X+Jy\0)=bjص2!6O7UWWBBWe!6Z;&?B^@*JTЫB(\rmbN%#))	km-~!&`_WUCxȊKK}d!0axWP	}&?Bh/yQpPMjBўW^1iӧ3s<eʃ.Jgά+m	gn:\'ӧŋs_\'. 0;;3	aaaАBźŞQ.߀X^^__CN⨫z?*OTpI爪56駧N6E\\X~*#N?аG1]zڵ?wI	!\\lWîLPٳ\Z?$ˈ7n(l(&LNs?IͬYϋdT\Z!!$p;;w.hYJn-=$n޼}Um\Z5_kx&yA1	K~F(VϞpV;^Y$bKoA4Nj4]׮}qqq---|ę3Eg|R|i\Zhޔ)NCbl/!$\nmQhBƱk?Ce<9lIBcSO,Z$o#%BVodlO.BH	!kgNoxmB8ƌwf̐<ՋU+|BBgyy(!c7ߘ^F=`8!!!ĸۧǑdTBSOY<b_F͛/!$G\ZN7<Bh<O<1ڰAB/rRTu#/=V/{&8_B(PKWʲԎ\Z\Z=m7Y@ᩮ]O:cvP7^{-G|u/1,},M <_\ZTS:Bh<6?Lߟ<7*?we\n&D6BG]qqz\n;W	?\"\'%Eo:BK_U/c&큁k­蹑XȴMc.Z344ĂBq$÷dxcb:ĂB7O/O$bavbG}BִLKpgk(Ai%i>C;O1-YŻXe4H9b!!EMk͢Ë́ЙwMrBoMLab&-JKKSGU񆢄e\\sNCBLs{sx3K]6OOIfa!&cBq8:z͚5\r)!\\]]>O]}fRR~~>$!7}d[WT555, pyB>c[\\\\zzx~Ʋ	Bghmk]ze)/!tqJuOB8Ö-LFj%㫪j̻݆alMJBB#r=.!tq&\"Bձb9όKvONdi!X$n=NEFBVB;[{vn\\ZBg$\'̂5:\r-!{tBOY)Ԥvtt1+b	Ѭt\r`WB)c1, p\\].+!?&F߿wqAfVBYwΜ_)f)!]))fZ%8EO8RBm^˜J=q\Z*B1 s0BDKJJXAar)!q`2i%\ZcoGE0B=U*>v*ֱ!9!ApϞ=, tQBx5B͹s̣Ӈa쵷\\bJD	2F\nXAa:B]XuT׳t&%B!m-..f!M\nN0wB%mr@!!Fٹn\rs\'!TҨYH: \\I	ݻeBbo^&NBjRbN	!F400UY*oBXSSÒN	!F{%Y*o͛\'BXS-a$?>==`0BBvkw3_BžL\\RN	!,ɩa$J%RX	!!\r\r\r+`$JJ!cy\'Ӟc$JC>>фDA	!,_ɒ*{$&J!g\'w,(d$˗K!<qK=!$CGGG=eGŷX˄Tee̔P٣_\najj*GBB;2SBŏ5/O	!sH{9zJJBX	!!wv2+Ǝ+9rB|7.9z8t¬,}BH񍖖HB\r㣐Y	!!-:nyrHBU;\n,\\z}º:BHqL{d),	hqq1?!$-[̎{x),bّz[oFk▮-\r[	Cׯ_g ۵3;Baar[[[!!v5#!6440	BBn}\0`\"^zL}yy9\0!n}l\r~b\"X<ّzCȡ3BVV93̎{r9B\r_25Borh!$8Ο?BBnܸ6BB!<[~yzXskBH=6II/ӄ	lXkkCW[US?8{ӦM9sfKBx$\"!}i!$P	}cy.%:smBǄp·x<dy]\rSdxqt&M!_+>a%+<|8;rޤs_2^aaА	wXޓBB  cX#SUUyb~*#N?аG1]zڵ?8{g&W(MБf\nh#GW^19?	L6Df8Rʋ y \ZBd{<5yQ/O\n/l_\ZِWLVOY#߂KFrFaOOy B\'&8a^K^#+gnti-!4Bj(sF(nse\Z%Ba!9I&\Z\'NL?	|IB+\'~^/,V1W\rͷ©Sbqeљ!<]~z_BBqvQA\'E/9A=t_![±G>OŊiA=t/F	!!-}}	!!!t&KyɈtjÆØ	9sCKg|0xv8\'1C1L{_q!ttt8[__Q3=B!\rcBajO*#!`BB477gud1=B_+$@	kkkܺzX\0K	!߿f\'#!G-[!!o3=B		2BB[bz$37!<x 3\0!$>S~zHIZ-3\0!$2̐كjj9:BWWW\'\'3IBo6773BBᖖܶ\\&IB\r#48W\\a ýEuELFtaqBXP\\^$IaLOO	!!7i1IBon۶eB|o؏y*{2{BBoTVV_TI=,JBq8zeB|cpppOJBmׯBB.;TIgOTv%wj2[B_~Av%\Z\Z\ZҮ1aB[CXZZRO	!ӳv&!TXqX	!!CZ>*cS8=8ȜIx(AJ+N	!,hnnμɴIuƫLw²LPycŊ!dy\'-=;Iw8,섐²˙9	ܹ]LKK3,섐²Μ&OB=p\0K:!$fߩ}LPYNl4aMM\r9!$F._I13BŜBXQByyy,ㄐbtK3Bl1\'X	!!*++##E	,bt[j0BOQQǍ+gBB[ԝzB#)) SSSSj_*s)!tE}\'bLs\ZW0++ ʠ fTBw@J3aII	5!ƦwkV&UB#2dhgg\'5!ti&UB虻l0`QQ3!Ғܙ̼J=k̟ߪRq`mm-3!T+fj%5WP,N\r\r\r		̮SF``ɻɰ![o1BO+W&уn֣C\\t۶m>B588X+b%?Vk:\"BǬFF1B^VS+ !`0d%:X__BXsW\n	?^j\ro.\nB])dQBoduPӱ؂\Z\Z\Zu	;hV2,!]LFBB`MM\rK+!E[[[fk&s/!tIYZA1^73Bw>>Co(!wsf&aB螟;ȱ pRm%ÄеcΜ>C&VPB;PTƛB{xIW5b6&\ZAA&oͲ	B9Uqj<dB}d4&| !mppi:,[I322zB@kkYL9o1AqDP3!tΘ={|P\r@dS4!t֛k4`jjjWWK\"!\\MSa&=-1(ZQQ2B;=ɧ4\ny!sdO@\036!%M*΁ p#===[K2iB/kuttdTg0oBG4xswwSc(!Q|٧˘	K,n pSOc>s8!tKIIK}mǶݏ\Zg?[\n_\Zx	Bxc9>jGk7}4׿y<p\0/\r3tuuMvxiӢx樗\r,9*B˗<n֬\\&8Y@aoxyrGPGw%@Fy5Bxxʧ``yX@._JoO7MMs=yJV\'2JVZ[\Z;ƌŐN2(yg\r)v:BUwm#CU`^<{BhP~!x<3Bo,5`VV\'~!{?B녺cP\Zs%%eaaa&G8!$莖\rчBB(*(R{H\ZCv0))qOom-~!^\'.XذzJ$&~`JJʌ3bbbD;::<mG\'Lk4>;GBxUW/&9x3g~6	_yeƤIOΐj~x)^+]@\"N9^$\'=aԟL/n9~|숑~;	w2aCCZBt>t!1~_\ZvG]٤UUy\"\'~O:GtqO?=dlڴ)\"Q=Sq<tpՃ׮GO(!wbs*3~RXA;f5B\"J\\29q=`\'5f=/e~+^.	!p˗/\'nK#ч?SBGskEE:eĚ_bLqBR%Ug7\\վ:Fڬ\n4*Waq[ƍ=xACxze6yw͙3_\ZJ\'&3eʃ\'P>\'0%k_	!06[/$~~+m6{1q\r\r̋y7flB`AcJZܻwƄwP#*JjNuŤMI>^@=]c-&055Z^ZVǨT˖.\rbiDFBH{{5чT!nJIIXV?\ry؅+((Ϗ6zޡ##!iK^\n|gc6j#\"wнBH{\n%%%PBO5@BŬ@FS__#_oox\'e&ER̪bBԚ~|%/BRyy5$|BaXGNiв2E#BL{{{^^^JzJXB±xqyJʺV7n#p<QZZ*66$EDBoS_2p/Nؔf!twmSV[yEP!jX]]hT;VoOo̞=l١+++9@p#GK7e>!txN1\'PEEEbFNY{+!!AkU4+	3BAwܜ{+R/t]i9s-_^l=7nlllByBшZF5~ž1w+VZr`yy96\'{}.!2BC?/5N7!<ȡI<qc+CBd{&%mP[VRR\"~<@[;̔&uqb}!=۰xqE\\\\AV+~<@f07n(5E]ⶫTkգx-P{\ZOɚd!H !Xˇqk}+BkCz¹s?<y/vtt!XA,..0IBRfRMt8pΜ+JJT&55U%U@^!@mm={D;*gU\\AXSt\';*>>/GF߶jUJ!!gAbe1~ۭ-[۽EE.Vg!$EGI䤌qˋǼY^>m_G+!\rQQbb^(!asRuV>Qlhh {\\3*U*Y,Fbv⪍ĈHN~/Z#;11;99C|+y#坝B8@[[[]]XSik{555W\\B#%#m۶/:jOhQꎎ!J}}}]]]MMMǎ;xX~Q|ƍ8 B_~OA!1=]ތ8Uh<+y\0!\0\0@\0 \0\0B\0\0!\0\0\0\0B\0\0!\0\0@\0 \0\0B\0\0!\0\0\0@	!\0B\0\0!$\0\0BH\0\0!!\0BB\0 \0\0B\0\0!\0\0\0\0B\0\0!\0\0@\0 \0\0B\0\0!\0\0\0\0B\0\0!\0\0@\0 \0\0B\0\0!\0\0\0\0B\0\0!\0\0@\0 \0\0B\0\0!\0\0\0\0B\0\0!\0\0@\0 \0\0B\0\0!\0\0\0\0B\0\0!\0\0@\0 \0\0B\0\0!\0\0\0\0B\0 \0@	!\0B\0\0!$\0\0BH\0\0!\0\0\0\0B\0\0!\0\0@\0 \0\0B\0\0!\0\0\0\0B\0\0!\0\0@\0 \0\0B\0\0!\0\0\0\0B\0\0!\0\0@\0 \0\0B\0\0!\0\0\0\0B\0\0!\0\0@\0 \0\0B\0\0!\0\0\0\0B\0\0!\0\0@\0 \0\0B\0\0!\0\0\0\0B\0\0!\0\0!!\0BB\0 \0@	!\0B\0\0!$\0\0BH\0\0\0B\0\0!\0\0@\0 \0\0B\0\0!\0\0\0\0B\0\0!\0\0@\0 \0\0B\0\0!\0\0B\0\0l\0U!\0\0@\0 \0\0B/^fĂD?ۄ	p3bdv\"p^9$p7   \0!!!!!<0CCCʞ*鷭G!$pv\\TYTT_{{,O=3Gydԋ]QTT_gA1	:.U/sbsDﵹ*qO\'NOzBH!yS,5K\ZMUWU9a*{׮]9sxF[@^#75:o5r_{=iӦ]pAؼykBHvm\\oZuk[[\"~gӧ3U✗^zI.&?_|QܸqC\'x?Ç]W$\Z?޳gϘ)SZv04nmr8Oб۸tc953ŗ+?ɓE-ږMBBׇ\"!FdV5YDĢ+&y\rz8qѨ(ԡv\'$\"9k,1444țO.Ci䇚0J>Q\'$TXî	*\"-<k/X|ʷ!222;;[)N^3޸j5B&%11BWVVf\Z	K<_/C~#iAyqԆ>Sb\rZqyc\'(1߰x,V(3EoaqiE|{wk\ZF<!F=ҳuIGv=-ssƍiii	x]{-81XZ#1_|+,5W\Z%pzkEE/6ْim]<y>~1Yld}>z-5B	:2ib-^XO(\Zi˽7vڵp\\BH\n*eҖY,ĉϘ1C~*-q\"88XLR&Ǽv+=Ťc\ncӅ6s-M:A;B?./1T-:ǘk^PP N\"\'-[&;dXBf\'BׄzGUh1yne~qK/$_MMM5i$yg</=ɓ==:}tT}ӦM4}QXXQPPv!tՍq؟#Zˏ1\'qz-LqIEq©SH	!\\B\0iG12;BB-b\r瞓HBBBB\0  \0!!pCN\0\0md0\0\0\0\0IENDB`'),(59,21,'PNG\r\n\Z\n\0\0\0\rIHDR\0\0X\0\0X\0\0\01\0\02IDATxPTqgR$Lƛ4I6iMs3L:7I <DD@TZqCQ@Qb\'BȺˊPB叄.!HO6+ӣ\'XpYv|?{rΞsv_\0\0P9,\0\0!\0\0@\0 \0\0Bx?OyN|IϹ)_>.yt5C>Kj?¿˿Mo%)}IB@	!!矟ck:wNI\0Gڎ;v;vHsw}fswx\"\"\"z{{m}^r%11G~򘘘K.9fKwpzG,\'|R|jBHM{700x_naaa}T&tw~UUUE38?駟;wmOY|C=$~wնTBw!VQi޸qXI]vY%41kL#G~gڹmS\n~fG}`8ju\"y̾?;¶6ӻ#~[(#!ӟdz/D>A7O=T/|[7\"!!l]\rtK<|һO\\~>f<ʛS>M[	b{W,C]0E/aaV؜ݸ8]!xǆSW^غ/	zޑ_p}	0q#Mײַ=]7BLDc^G\"ړ3HqdfV?Lж&2nQPIoU_:DlGI-ʷ:Hۥߚe.2EKʻsYSBjO~y?xW<BmG.|ӛ.\"\"\"J{ά-,w88nذ~߉0Lm_>gϞ=>n]_3{\niϡ#?T_]weo	Mo.B̎Ɣ}bi{V;YC/b֭St8ᥗ^r)jM}lf[{Hmƌ-ipJPs~!t|!{)F~I*KBIFF|T\'JpGn0s^C`Gt3ۥwFs.RwZy˱Ց\r~\Z|NkT^N_A\"#1矋yt[Ag/X?Ooyz\ZM8qG͌*;E}LO4=.ҩNq.;Q9~Lpp&GXV[l_haʿCK6mi2Յof~]M\"C	~/rOr7&^z%˟|r[?#}t܍fk|Zhzztl\"DlʛrGaȟ&N<ٍ		՛BjaLLC͛\'7=Sb\Z5ϝ;WRL|+V?r2?ҟ+H~y覇ۿmpzߧ?XO=xּ9E:Ή-_9O|$aDvJwGґ;?q\r/vi>AxƋt|Pl#ڪ4Bx*1l\\O]AIccCN7~ӦMһ^<.AoY>cB[ {s=\']Zq)+WH~7\nB\0p\'\0\0^^w=\0\"\0\0BH\0\0!!\0BB\0 \0@	!\0\0@\0 \0\0B\0\0!\0\0\0\0B\0\0!\0\0@\0 \0\0B\0\0!\0\0\0\0B\0\0!\0\0@\0 \0\0B\0\0!\0\0\0\0B\0\0!\0\0@\0 \0\0B\0\0!\0\0\0\0B\0\0!\0\0@\0 \0\0B\0\0!\0\0\0\0B\0\0!\0\0@\0 \0\0B\0\0!\0B\0\0!$\0\0BH\0\0!!\0BB\0 \0@\0 \0\0B\0\0!\0\0\0\0B\0\0!\0\0@\0 \0\0B\0\0!\0\0\0\0B\0\0!\0\0@\0 \0\0B\0\0!\0\0\0\0B\0\0!\0\0@\0 \0\0B\0\0!\0\0\0\0B\0\0!\0\0@\0 \0\0B\0\0!\0\0\0\0B\0\0!\0\0@\0 \0\0B\0\0!\0\0\0@	!\0B\0\0!$\0\0BH\0\0!!\0B\0\0@\0 \0\0B\0\0!\0\0\0\0B\0\0!\0\0@\0 \0\0B\0\0!\0\0\0\0B\0\0!\0\0@\0 \0\0B\0\0!\0\0\0\0B\0\0!\0\0@\0 \0\0B\0\0!\0\0\0\0B\0\0!\0\0@\0 6qя5]{[77dfjUb$&K45II7>]N99u[4q@Cpgĵk,[n׼F?;sjg7jHMFFqYXkXpOÂ\'^:v㾾C}AAmaaMjWԤhj֭o}q/\0Buee쵚+5+Ew-U;;N폑/4FFj46m^Ss@\'6tUUK[sM͆׷?05\"Bm:pq~}\0!ȇۚ%%--|~~N)l,	%$\n\Zt)@]6^׹/K\rk f;Qۖ-Y^WZڮ~ ͧOwtHI\r޳}nBq1$&-:?_ͯBK;Jjj\\ܿ\ni5qq͛>A	!elbuVjWtJf=\Z]kTݻylBxƫ[۷9fiR_lMBhZڼ<6A	!SuVjVC-\nQj+*^aBxk׎O=\Z7V	tJcOXc\0]ꛉouK8}KbcOnrG!I	չ+x\\hG!sزb͛{ytn\'wwģ=n?\n<V<YXg<@wtD&.7Sq!FGTW\0!HpSj]GJ;K\Zjm ,MoD4E0BimЮs!!0KS@OCB!\\Kڗxt#Ҟ҆1 \Z-.wB\'qy3E?O:	Jsvp!雉o\nQ^!!.ϦjoqB8=NTlњP;P\nBܩXM{^/AA/2 ^/#cJ6#]ivpl0:33[!(UΞU޴ ɖ/*tbLm-xr`wWC(]whTҴ ɖ*=a\r\r\r\nJv^ujJI+\r14551B044̙3^oƿzPPMzjeM:!3@}}=S.!tVV9qb#>O\n`!ʩB(\rmJ^UZ| cB󝪪Ǵ5g9sƁCCCx̊+k**\n$@	gp-?瞹-s;u,~|\\V*IAB(``ɲ2/6i2	BB1[cG?ȗӦ9a+YYY;r\"J/%H4ǋ>*׿N\\5^}kT\'BH=,_|cͻ{ϟ/|@c~=wի_n\Z*<b,8yCB<HCE<`iOzXj<=nz/266ڵkj۵k+JJ	P\"$̝J5!4uĿom\r۔v(!5*KC<<9BBHB#TKK˺u5o֋h6$%%}2-p!!$жħb\'c-BBH	׆~􎧙	4~KƑ쁁BH	=◫TQBfnxGw5g P<yY^BB1-ddD:k\'虙!|`)PlMCBd~O{99:,bu@	[6L=,)1_~M9tuVϩ؟cv~\'+sg\010BxS\"[#mMO{-%J-\'1?ݛ6y5@ 4؛㉏xEBqov?gϖ-z9_BxM¤k^{,|*a|K=v&̾eeG TG.O5:t5W~G_2!q嗣}W_uEDڿ	kת*1?WF^yjSл֧\Zy啩]t&&i)Bx)Bxcwbb{{;!<;wB/2B\'Ht!ߟa7!t\r\n*ܰattUnՔmB8iٲ͛Y@r1g\Zo^}aV4BA} !\'SR>V7BUz\Z$3>\nYk^^`0dUg2OB˗q5BKSSЕcGb\"O]4v7.ZL]9.T}駬 t&fBq~ٲ,x	_Bx)]PAy]v\ZbtvFvF2\Z	NOohh`e!,0\Z9&cB8Hl)!fw8})%%% p!n1Z.]Ȋ	BSgB퉉3MBBwOʋ+}	32<	BWVۨXFRbfշ/y0.XNOs/XBd4\ZԽɤKs-6\nYUA1S\ZFq	ێ7rss\rk+!ffsP !tqj\nQjYaA|4}hxs-!ts233XgALAW3BO(|XmALN !Buzha__k.!c||<_K=eeΤoՇ2BOfff	\nLгƁիFXAqںږ/af%5.pAbBܑ\nUB艣$)Iɓ \rS	\'E8WPp|!s*!б)5Uua4\Z0BW6\nGGGYA1e#̦sP@^T0Bckr޽{YA15ṂǙ(\r\\q\rSsZw:p4yz0.Xњ\ZkBLAyM9(!Qz¼qVmB8d`` K>\"B;\rBҞE7\rihEEk7!Rzz~chff&\'br3wBo\Z˖I{G9jFØ;	Ba捽c\'Wz(\\V(a5\'6닙5	ñRY	!!M5	`)Ltjm/&!ʑ}5볳F#+;!$nv%!K$&J섐M/	h)\ZBX\Zw9z*(H\naQQ;!$?%!1+MIºLл)---6zXF\nɓ\'Y	!!m6s!QwyBt+GW2SBR3339BܦZS7LI~uLWW+>!$aaHB*P׳BBo2PcgB£GBBKK#	FʕRX	!!M]]]9=9̑P	㓰0-՟B\\׌a$:pTe\'qq5B\nass3?!$$!Tx3-M\naMM\r?!$`AfGB+VTTBBҾH3BBRfGBKos5BHqm̎P9pl|˗!!TlfGB!IBkiiQ\r	rƟ,C$@	]&#/DzN}mm-\0!$J\'&(fGB1/S		!!N2;BÂr9B\\!S#!TڐCX^^$@	!!$P!,((` P>y*m JEBul&BH	!!$\r$@	!!$B+*.^[PxsoelM޺:##}B<@	+kB`(m\r\r1BBH*UU!d(0	!!$	̌7Tr!$B!$132!!!Tp#\"\n\ZpxxyB0*ɑ?d\ZqBHM!d PZZZ23KBBH񭮮^&GrFTYL*LU¼[###;w62923!ܶm\0!$ؿ_PHN\"yB\\\\\\R СC\0b)\r#C9#=+nkZf\0BH1!悐G\"ƂjB^@	!&\\v(S$C	#($Nf\0BHqTHFxxi/^@	!&˛\"JG6!$GIIr6!$qN%d(b)p&F,;nz{ǺO	!nt8?OձBBJKۙ(=7\ra{{;>!$`0[Dm1\r˗Y	!!ķBk)!6ZvRJ?QA%Z[[.3]2u,^e\Z\ZzBHq;.:V:l\ZfzBHaaNgxs!&q6(h፧322\n䰾BB+:;;ss/2i2E\'M7!!ucccv47PӱBBcdxjBBjkk׬ᢣ\Z\rV0++h4BB7oEz|уBB{?\'\nLCjN	!j˖w%c Y	!!=ex~Ѣ\"qBH1j@޲_tiO<\nN	!&颣;0d_BLnppp6.s´!!$pTe3>RSs/\nBia&ex	EA1Fq)sG|.\n_S5L~~cY!f!w02<qXQm_\ZSVUȔd6VՕϬxqwFm655:b**x^Tccc AV>p![oqcFBBa2=!TccexEo Sg\n0m\n911̳T2M+XRR !h4F!6[ZZXyA45L!mpFz..\nB(Q_b{^g!02AK?XgA|ﾫeeHN.2llldm!ČfeĬyyy3ĉڀ\0#/xZ,\nB\Z޺)ឯ;ȹ p\Z\\1cS&nPB8X^a\"f8	B]1[#$j pSꂃ\rȌY:FFm9Cii2cժw*ЃbtwwT et,^eBss3#!fɓ.pX`y`II	T!l ݹ	᪋k2`ff\0k\"!fSOOZS0f|,[hSuԌ~,\nyȀ]{40\'3uDJJY9qndhh)%6!Q___Nf8f+]M pGU>gf8kY>5;::B7uŋ23`jj===h p_Fqyq#1AΗ\0!ټ//dϸdYV<5B0009cz#<#sX\\ ݩ錩N\Z\Ze!5k,%@>@pdte5\Z\r!<ٳ-^Mu9w^)$r3l?1Sr^k^KdY\" BrĹ \\yyy!rP\Zϐ#yV+844Bt&,H+hZϚBov乥K[)ϔHId}}}# ~UUQQxBǢEW/HA,gΜ\nJw[vLnn.Q!|iG|;NrҥgdZA!B]p!%e{5%cD9:vʕ!!\n/~*k\n\n\n8_.^fxEDSRVp\\;i||h.X` ^3,iKO`3<Aۜ8QT\Z0HB`ȴZ\Z^Sܹs[,xUcFJ&0339!`OooyGM#4#==jsssy)--[=Ńu a ǵZmJJAt~eP!]IJ*\r\n#6}\\z	T---<A\\1۲in#$;-M[%%%/B8Gmmu듓}B~Th4#B8SoooQQQzzv|\0.O:#*6=}\r -\ZiŊj_q}v1 /)~vre\Z^V~01q{F:; 6\r\Z\ZjuFFfBŋ	̍Vu\\8ApѣGfffo+w-\'0&昭+Hį!f˗ŌA0,eddIY\nB9ܘTti;J*7dȚ5XPP {r]]Z3uF⨨3~~chѕ}vPB}j4[9LN޺zE.B;#<Ix).\rBx1C1wKxJJABf7_&!D໩TveeeUWWE\nú\\iBOK~pՇBB>Sr,0FE%&?Tjb1X!<hlhh(((w通fg+%&ؠA2>>Ҳo>>-M=+Etq &fBx\ZC\"o.ZteŊ䭓4}\"G!cccbB,	ccv3G\"#wAL,6y\"P({$Xvb͉bK12RWvVYIIMT9L\r\r\r7)t]Yk;QBdIkrVqcg!$\"=zT>9E;׬X+##냃{l>	k@`h+OMH)~Djv^iҳ :JPFFJ#_!o``n߾}fL*##3-M-FJJڵb$%mKJ*ϿtmknFzzI\r7ߣTgsܸm Linn[EEEv:Wj{/^h1s BȌ]ܾ}T<YYYjmmmpCr̙/_!f@GGN;~CĚek/+))h4z^˗/HB6nxCTTTa->*>mpp}\\9s8ҪJܹ>\'Nl҇F}}|:X\nWUUT?d6DΞ-o\n>?BBBZɺ{-BU\'zv=s[+6zv^~~Ke5eÕ?),,L0EDٹs[Ԫ\"#_6\ZOKo|KmhC`vB\0-B^_|HF<X@|_14rd` ,fR	!!\0WPl\"VZ|O!>`e|h!յF	!\0r6wRƖ/e\\\r>nPoY·&?V7	!!\0W	!\0BBHBB\0aJ<**ҥK؜qWpW\"\0\0B\0\0!\0\0\0\0B\0 \0@	!\0B\0\0!$\0\0BH\0\0!\0@\0 \0\0B\0\0!\0\0\0\0B\0\0!\0\0@\0 \0\0B\0\0!\0\0\0\0B\0\0!\0\0@\0 \0\0B\0\0!\0\0\0\0B\0\0!\0\0@\0 \0\0B\0\0!\0\0\0\0B\0\0!\0\0@\0 \0\0B\0\0!\0\0\0\0B\0\0!\0\0@\0 \0\0B\0\0!\0B\0\0!$\0\0BH\0\0!!\0BB\0 \0@\0 \0\0B\0\0!\0\0\0\0B\0\0!\0\0@\0 \0\0B\0\0!\0\0\0\0B\0\0!\0\0@\0 \0\0B\0\0!\0\0\0\0B\0\0!\0\0@\0 \0\0B\0\0!\0\0\0\0B\0\0!\0\0@\0 \0\0B\0\0!\0\0\0\0B\0\0!\0\0@\0 \0\0B\0\0!\0\0\0@	!\0B\0\0!$\0\0BH\0\0!!\0BB\0 \0\0B\0\0!\0\0\0\0B\0\0!\0\0@\0 \0\0B\0\0!\0\0\0\0B\0\0!\0SC\0$\0\0(\n!\0B\0\0!\0\0\0\0B̆s]b_7yB9B1į<!`BUBBBBBB    \0!!?+/))8k9VVVΝ;wϿ?&u%%5hh9}˧zϟWr]yIMt8!!5ZݾdKcƆzTLUUUOʗ.]zwڵ	ZdI<qcG}}sChO~=cgϞolݺ5qMW/i_rncc}C0;Bطgiot&8>/ϛ7gZAiwhʕ+o}Pl0Tu]?OϜ9skPݻToe~14;l.RNA{!KN6bV)6ǂW_M\\g\'OȊ\nrH1{?񏥯=|w][n/Ϸ~-+&l.RŉBXzk4;\'9W^]m\'Oh\'*(GE9Fm\rwrZ}1ze\'l.RŉS\"EZ\"5\"4)ëWCw_KKYYY~~~b2u?:%]]]6-	}! B[V#,/7{nzoe9r|AiSidd-zHzg>q_|a:u~]t)22֖s,RNA{!EEmVp6Nwk:UEE69۶utzω)--oǛ>WYY)ި7N`l:ٳ$K_.Wp[6\"z_\"!\\ۅ|RWV)-=j2!>Ts7_ۅwx≻KCp1~[lL:vPRMQ$}! KC,BBB   \0!!!!2P \0\0̾@]8\0\0\0\0IENDB`'),(59,22,'PNG\r\n\Z\n\0\0\0\rIHDR\0\0X\0\0X\0\0\01\0\0IDATxчT$U$YI$ZH%&Y.\"DIR\"*JR\"bHR_>z33g̴6^kg;swgf\0e\0B\0B\0B\0B\0Bׯ_\r\rvuu͙3СCy/_<y\n뗟I{Kk̿!muS,yɼyfYp۷o{/\Z&?!B6mڴiV;wNV\'wN)?]~=dΜ9Źf֬Y\Z-Z4<<k\'NG|kn^x1ܱcGmk2?ц	iuHwy`,3w}/Ik;pZZ<tV^ѣ_ĵkb֯__|ӧO׭[Ç,Y_=Z6~fO#txE^%Û7o|׮]Kvbh#Ooذ!ɶS<߿zb?\\ɂp\"YfmK.c}tb/EDkJ_~]|ѹ.+Wk~l~B:k^CCC!SwIZzʖI\n ~Xϟ,_<n7߶2y̇-\'oR%na4\n={b.]J77\\aNq7;nƁx~{*e\"lbgϞUE<sٻwo\'{t3grS?!\"&<mٲi$sקX|\ZJmo2AMdi;\np\ZtPɛ$-Cݻ[k>gn~%N7i*6nI?Ԓe˖5_UyȸC~q;pBprY;OT\nϝ;W@l@!̊wom\rm߾=-sSei\Zsέ\"9꿾ٳg7_ o|qfw#/^8uT>ի\'OZ5£GnZ/\\ꤓ¶m*n[ŕm.;;CZ\Z͏aK09V)R^x1]5z	ht6B|N:*V*,75\'kڌwޥq]q.!bŊ=-g)7oT)Jn@z7?5|Nxj4~g?B9tP15y>~ZXall,{P^l9v\ZMx͇ּՈ{5<)zo,^WRvz!mu\"׹9s&޽{~PkȻV/_{۷+KKEoeW:\r7{!S!Q͟rRիWo߾?k.y5Ķme|IG\\u7ͷlP{)^^ߧk+ʶ:7|BjĞG|JQ>XILA___GB&|DoS?!+Vt{ŋ9P&7oޜ^{^ėO^._?M.s\r9rH>4߇^\\Ua{y5kb׮]ߗ͛i;9}I;5IV(3=(hٱcGO[l_i֭ySiDŋ1bY͞Gaf$~gշd;zB!x\"pB>eڅpڍ?B3-CػwoU⧃NNG?7πyZ|O:>:Mn``\n¿\0`FqF޺u\00s	!\0B(\0 B\n!\0B(\0 \0 \0 \0 \0 \0 \0 \0 \0 \0 \0 \0 \0 \0 \0 \0 \0 \0 \0 \0 \0 \0 \0 \0 \0 \0 \0 \0 \0 \0 \0 \0 \0 \0 \0 \0 \0 \0 \0 \0 \0 \0 \0 \0 \0 \0 B\n!\0B(\0 B\n!\0B\0B\0B\0B\0B\0B\0B\0B\0B\0B\0B\0B\0B\0B\0B\0B\0B\0B\0B\0B\0B\0B\0B\0B\0B\0B\0B\0B\0B\0B\0B\0B\0B\0B\0B\0B\0B\0B\0B\0B\0B\0B\0B\0B\0B\n!\0B(\0 B\n!\0B(\01@@@@@@@@@@@@@@@@@@@@@@@@@@@@@@@@@@@@@@@@@@@@B!@\0!B\0PB!@\0!B\0\0\0\0\0\0\0\0\0\0\0\0\0\0\0\0\0\0\0\0\0\0\0\0\0\0\0\0\0\0\0\0\0\0\0\0\0\0\0\0\0\0\0\0\0\0!B\0PB!@\0!B\0PB!@@@@@@@@@@@@@@@@@@@@@@@@@@@@@@@@@@@@@@@@@@@@@B!@\0!B\0PB!@\0!\0!\0!\0!\0!\0!\0!\0!\0!\0!\0!\0!\0!\0!\0!\0!\0!\0!\0!\0!\0!\0!\0!\0!\0!\0!\0!\0!\0!\0!\0!\0!\0!\0!\0!\0!\0!\0!\0!\0!\0!\0!\0!\0!\0!@\0!B\0PB!@\0!B\0PB\0B\0B\0B\0B\0B\0B\0B\0B\0B\0B\0B\0B\0B\0B\0B\0B\0B\0B\0B\0B\0B\0B\0B\0B\0B\0B\0B\0B\0B\0B\0B\0B\0B\0B\0B\0B\0B\0B\0B\0B\0B\0B\0B\0B\0PB!@\0!B\0PB!@\0B\0B\0B\0B\0B\0B\0B\0B\0B\0B\0B\0B\0B\0B\0B\0B\0B\0B\0B\0B\0B\0B\0B\0B\0B\0B\0B\0B\0B\0B\0B\0B\0B\0B\0B\0B\0B\0B\0B\0B\0B\0B\0B\0B\n!\0B(\0 B\n!\0B(\0 \0 \0 \0 \0 \0 \0 \0 \0 \0 \0 \0 \0 \0 \0 \0 \0 \0 \0 \0 \0 \0 \0 \0 \0 \0 \0 \0 \0 \0 \0 \0 \0 \0 \0 \0 \0 \0 \0 \0 \0 \0 \0 \0 \0 \0 B\n!\0B(\0 B\n!\0B\0B\0B\0B\0B\0B\0B\0B\0B\0B\0B\0B\0B\0B\0B\0B\0B\0B\0B\0B\0B\0B\0B\0B\0B\0B\0B\0B\0B\0B\0B\0B\0B\0B\0B\0B\0B\0B\0B\0B\0B\0B\0B\0B\0B\n!\0B(\0 B\n!\0B(\0!\0!\0!\0!\0!\0!\0!\0!\0!\0!\0!\0!\0!\0!\0!\0!\0!\0!\0!\0!\0!\0!\0!\0!\0!\0!\0!\0!\0!\0!\0!\0!\0!\0!\0!\0!\0!\0!\0!\0!\0!\0!\0!\0!\0!\0B(\0aYo\0L,\0GB\0\0\0@[ךE\0\0\0\0IENDB`'),(60,23,'PNG\r\n\Z\n\0\0\0\rIHDR\0\0X\0\0X\0\0\01\0\00IDATxl\\^DwaGKޅ(EhUuW*!uyv<p㆐7$!	!&c1!M5iʺkZVoָVL\'~|>)d2s;937\0RM\0\0\rvM7-[,9dw!.w}{oB\0BD~\r6;?y&L^sOW7}G~KWosWҮ^]6zg׸zȑzkX\0/\"--Ĝ)&???,777N]N=	Bq\\eC(W~X$^{53&|;7{*=;A$ԙpl$-?2䣏>ڸqc{)Io,ܯGW<ӑ|][ba}	/yΝk-~sν;#zS~qzoW^?qǷ{{\'\\>y6ͮޥr2}:ݩmѿ4w{٨|GD3ڻߺwp8-o|#|Sዽ]a7~E\"=3=r/2rpgo6\\)I%,l<?ܶm[럇U1Β;´Ս߿?<IiK!K_{q.뿎@ۜuw~oa0]w}0[毇<%s%?ba_썌?_y~-瞻+<yEcPМ9sZLaq?zh#3?S~Hx\Z\"d<sPIIIIFw|]M\n[iSF\"\'qޥ׿nݺȷ\rȷaS;|;k֬ȷaC<voDMMKK|-s*ls%	D\n7rРA8E1_͎\'۝a5s\naR	kNtv-\"gٲe&N\"M0WF:[[#CAntzSz뭑@Z@z7)rK[gKI\n3ȷa\n<|sx0Go\']_%+׾u-FybodЍE1,Owꫯ^͎\Z?~|4m\nar***\nztv>{`	\n[}sY|yo}7!o[ze}]O{P]{-{و-n>xB[߆$ܘv6n,.H}-0.Xnƍ#7wu	=֓O>9(~G?uS4Jz=]Dµݽvtz%=®>|m{bK!s!Oc0UDR^:rd/v.+aDuuŋguu:|p0MsZnwzoÆT5ޥ-׿zwvF\'ٮ6NŮl]5]}Zۋw,셕\"]]Z¤5aS}/o\"RG~쓌z_M2IhX{[c=x`3:m-jsOTW\'0DOjobWҮ0zKfff=/bW:lDL|}ӣ]坆+<lذpbeׇ2;_v{Q,3hРpS#߆,\'q.)I.<mOU7?衇֗o\"G?j/9rq7߶/tzb_G_h6v5mjgn[6B(Q@q>-tJH^8r!6ݮ>|_yxvԶmYN\\ȅPSSN\rO!o;cGBiL4[螥6/z[ouѽXzcU]Oaa/(Wջn d%<=d1٭FhJo^w_tz%z=j47<?o3.=|]\nabYHV0\'L,B(zgxu7G_|XPq9B&训n-YTTnO<6/I)q!!D9\rJ;؃_bž=lID!11ak\r9x/\\`țMG^!LD@x\0ږ-[:\n/@B\0PB!@\0!B\0PB!@@@@@@@@@@@@@@@@@@@@@@@@@@@@@@@@@@@@@@@@@@@@@B!@\0!B\0PB!@\0!B\0\0\0\0\0\0\0\0\0\0\0\0\0\0\0\0\0\0\0\0\0\0\0\0\0\0\0\0\0\0\0\0\0\0\0\0\0\0\0\0\0\0\0\0\0\0!B\0PB!@\0!B\0PB\0B\0B\0B\0B\0B\0B\0B\0B\0B\0B\0B\0B\0B\0B\0B\0B\0B\0B\0B\0B\0B\0B\0B\0B\0B\0B\0B\0B\0B\0B\0B\0B\0B\0B\0B}x?;cɍx`Ŋ̂%K>gGƒmy>Gk֜9{~ph}E\'W!5וG時 ##oڴ(7lal9BV\r\'ƎjL)? ;xӦ~? B/ړ\'˟0++o)SBΌܯ_{I`tƥsC3&7o.=z@՝k-Y7}zOJ`#Bz4W=dHy\\y|onnB7.*7G6_CZZ:>;|xќ9E֕[RB\\;w/[7mکѣƎ\Z7.wҢF4B(pu~O?paIޫ}}6G\\[{:\'\'w֬{7*E̛5+3DPI1.<XS>02̈yK߾ڢ\n!I飏ʟ|̙\'ǌi#!-I\nV\n![o{Ѽ)Sk!Cs,)ص,6!$?C%_>?$Y#!-xܧqBOy`ΜQ^\nati_AE\n!DJ`Ŷmf:=rdsN`a4\'\'O>vg-\\!m޾s+\ruIFǩ)S[W_[B苪̛5Сҕad81˖?\"B_QxaFFBMFvΛWgwkCk\'ǏoJ&nU|yyqB1ʷl92mZ_l!_^\\e!S;-*5*!)-7/w׮K.Y8B\ZW䑞\\\\!{:]RͫJBS$Q#mkhh\"У>tݺfC0YCy{UΔ[lB\r%׆`02}E\"pNlݚ7mZ|l!xg>!T[{,3bdD҇0r@i%|Bԝ:u =vР`҇02I755YBKGOObR6ݤ{W!tVLݡ)n#=vѤ!Rmŋ?><u*R!-!TSZ7=.8T:bʔ]Y=6mZ((arhM\'NU<qbs~v\rhlpE\0BHJ+۾l,A0][__oE@IQm;$r(i5VSSv7gg;!$xd}m!8|BTqS4	!tcZ{D7nTA!loʪ $mR}Z>-DI=/P=l^;/XBdSΔϩx~\n\"$#G&L0aRZ\'l!;Ljf®]\"$3g1aFСl!$hJwoM!?%LBxo:3uj[B̡ի2(=5ϝ[^^nBI/ȑo!*.ZD{P_Ln]|yCCU!OBx=q6]lEC^^2Bx3f۷ϊG?|Ob~_XBӧ4(~ȐKBزeΝGYjw_CClҠxz\\/\"gKKόgjd/\\_\nrw-Zd^l2rn\rEF\'ӷmf5DaUTT]!qe-ZTRRbeDV0M[t!E\Za8~eFƦM!12B71c]Ԋ{\n}Ga\nϬ!L1\na\r\Zt={X=Bzes̼BƮ3ÝYYYi\rEz1]!kEB7\naN\'NXUBңG\r2\na/\\rFk+Bu,9(}{<9ܥVXw6\na?~uuuYXmD(|饗!=9^D(^(ܱUUU\\\\zVe6F!BHO*+.9*2\ZSY]]mE֙[03}{n/Bȵ:sTQ&V!LQ?`+ZBI]fU!Lıi޼p:tZ}˗R0ǻcǆwٲe)D龒Ç0\na\'22=|12BHw|כL0qǞ#\r\r\rh.;]^~q$&4ŋ}$BH7;LF<;vXBxViT}1q+\ZBHzÐ!Q!LԿ+{Gsss!]u9Tc\\9pժUVmԜ_Te;Z^^nFK#>tIiDڵڍ#99N!LL\'\"tҥN!LQ:n\\d\nB:W0zS\n3ݹsu\\N䆙)I7͟(x\\v]txF&7mZ$t!BUQQ&M!LQ9lX$&:!B:Xs~&M!Lʑu3볲B(g5]\naҾܹ\n+\n!m;vRu4)¼<\n!m(++;?kRu~H7l`}B!~y@ӥ&h/r6(Pi[J!LvHO<iB!*[(0Ǯ3#!<t萵^TUU;RF}~^&B!)SLBܣvРH333M(B/;v9-D)I?~v̙3gB(I}H!L*##b+\n!R=e053sDB/[PT}}MLB\n)Zʺ/BȧΜ9Sb)RSab%ill↙3MBRΝ	o&FkĉV!B>QSg<pa$V!B>QgQSGweB!ʮ39\naꌍEBn:\n!/^Xcr|mo&B\'jjjʞz(3M=p&!Tw̙sYY&G!LQ2~|4gϞ5	\'O֙0ƯF$ Bꊊ|\09&!TD0qQSg\r\rS	P!CLB:hJ(Bȕ0[PP0uCf\Z\naʇLBjcB(Bg!<|ش(6?{,\n\nn?yB!BӢ\n!B(Bh܀Q>F\n\ra]]y@P͌\"B!<zԴhxLPSPoxP!4ReP+!LK33\ZB\na\npx3:!73LFꌚcClB!Li\'O&F*_\ZB\n49\Z3N-B(IEEEժU&G#uƛ\'F+rJ\na<&G#uƱI!ܰaI@0544nfr4Rg<7kV4[n5	rLFP}LFDCw^3\n!^}h;n:t Bȕ79h¸f\0!B.4,\\h4Ra|0|xIf\0!B.9sr:S\n㍘J3\n!Olj4Ra0cwB!	w2E\Z09w\";;;nLF*cݼyu_O]8,i$hј/u_O5̟o4{vذB(|<\'Di$x5r\n!jll,ܱDi$xv?޺/BH˄(9R&33!B(\\%??1J#YGCZZCFPieK#YǙ#bCkB!*uuuǟyti$7}zlO8aB!QLh:RFvBC1Me|Ҋ+B(⃕+MFcnPiۥKm3i\Z7vΚ¢\"\n!m}iiM#FvsB(aLLf\n.[.BH۪O]k4-FcMB!#Gi$XsVs!B:0nHqq jkkB(tQ#Ynذ:.BHrw6\Z1^_СCVp!B:Od5}\r\ZbٳgB(tSOFDNʕ+}\n!*>|ؙF\"tӧ/ffI~Qnkjj*zYcٱ\\j!]SRT<|Hq)-mY.ǎR#tM}}MF\"c\'/Z]]mFңGMF\"\'>Lf֭Vg8sLfU##zǭ!TkHy\nfgg_tɺMeeeV#QFС-Ma2!פLF-s8L#\\㥥zH7ݼyBUccc֭&Yf,++\n#FaԩY/A2Ml\"􌦦mLFbm<yʋcJ~+F.Ao.5q[lV[VVVV`9^9nݺ:SӮƆV뢲ʕf^_ݢVjll\"\\/6\r\Zd5h\':X!Wח<)蛟;Aސ[#faƎ8e\"8{5!kjjkF{ݻw[=Bzɹs*77wojMSxHafd#;\ZsrLFNޢ+V1!7ٳg+,1/9ΌC\'NXBnC\Z7;3\Zo}M\ZBȍAzgLFm\\;33ƚr#UVVeg=JǍkS:rjO+4\'.ku|׼BH_\rCtZT0++ˉ!}H]]]ƍlwΗ!}QUUUɊfmg;=jݻE鋊\n~3}Q7hPW\\`uCшfpG^\Z\\|J+\ZBHt`;pyܸƑ3wK $/X_?SdAPSSZVxoίZ*<ǲr!$oedӍ#3[U033ܹsV+Sg40Q/_{ܻq,hQ\nYB7`X黉y#$㹹>h\\JKk}`uV5$:paF|\nnذ; $:Լou@IB9oDV-*XWWg}AINyR>zm]]]mMAI})~>k7R*BH{ђ 5ǅ<_PBR;oqtTUHqvĈ6;fʕD\r!$/_=T1K۩cBR￿y:_cߴi?S\"rcBRڅ\\7z&?k9sڊ5k8_!\r\r\rN:4IDtu[7o1!|yۆ\r?1HqjԨm \ZܹђU<3o^Aԩm\ZL	oQBaM浙̒9B9wܪKOf7i\"#Gf;tʕgϞ#й/䄭JޔPGwDz6Bjnn_`AޤINCwthp1BwΙ7gbs\\Lvvɓ\'-!t_}}}XWfd֦a{oӔ\"6m|yzFAAG}*=>ΰ|Y2I`fff^^s$BIΝ۰aC֢EgϮs\r\'>Ρ7N\"Fnnnx\"#ވ}9.[ p}UWWoڴ)̹KǍm;v\"3BMÒŋ3BuFcO_~ Bokhhx333[(lWNj <>V![n\r3+9<n\'p\nY}!֭s:4o1c4K޶9YԩSΎ@o	raaavvv.^q޼7&N&q5ki	*((p\\(B}WCCC^^^$?gƌa㽱cs4G!$K.]y<3gΉc>:}K:lٲcǎrBm\\22?psΘS9MN3wnǇ+Vwe	!TRRf͚9inި7vs.phCtBRinn>yΝ;oH{9/\'$!U]]}0Zč=?kcL^<Ow3*KB)ҥKaq׮]!\0-\nfdl={iGNg_\\^0	5kegǿ~^RJ^D!E\0?~|ǎ!	;vsÖbф	UC\'TyĈÓ\'o7/v~FDB!O]x\"FN[ZA͝4̈މڽ\rQL6XLO7fiWۿ#B_wў.\\!=sw͜&O~ka`\Zȑ\'Ǝ=8eʎY3\'gd<EςػwoYY]ŋ,Y27AFKܹ5xqa^`a<5oަƏO]٥6\\\'.xnvAAAuuǱ,Y27b\\!\'N-\r64N:XnK/TZZtyn/^{-[zgϞSN?!Ӧ\r7?ã&K.^XSSs颢ݻ7Ym;VڴiSh^^^^qqq\'Ο?#Pi8qVٳg߆کCxM7m8#SO:MTU<ee|[_r_{㍵B((wBrpCo_f7v_	ҫ!9&l{oWn_D~/~C8_.p\ZqoZ67<Mѣ7t?>EB&Oq:Vꮻx\rpO~eBN7yWhjz_| BЫ[aS,l]р|iEȅlup8#r\n!@0C\rXa/\"?	۰{nx^>loD]_/B!ܵka۹sAlɢ=\"ŗŁL@݌!5;ka[nB!:PP@PR#,3{#\'c!B#!B\Z\Z\ZjD/!\0!@\0!B\0PB!@\0!B\0} B\n!\0B(\0 B\n!\0B(\0!\0!\0!\0!\0!\0!\0!\0!\0!\0!\0!\0!\0!\0!\0!\0!\0!\0!\0!\0!\0!\0!\0!\0!\0!\0!\0!\0!\0!\0!\0!\0!\0!\0!\0!\0!\0!\0!\0!\0!\0!\0!\0!\0!\0!\0B(\0 B\n!\0B(\0 B@\0X\'!\"\0!\0!\0!\0!~eBhۓZzA&BBB!!  UBBVN֭6}ܹi7q999ַR<<p7BB\nX]>jӏ=V[su]w555ßwqGݺN!ؾ}{*!!ªg-ܸEZ|Ç.<a{G}avd_%\\?A\ZC+\\BwBXޢɓ[eǎg_ϝ;7\'\'\'z%cǎ\rdpѣGG~8a]v577O:5zwW^y%J	Ĳez!!!،mpi<@YYYJ/\Z/\Z*/ˑG/ymEo-¦/~sۿBmNz0?_B{W{ɨP5zhVªk5­[[F|Goo\nd}/~19ŋ`8wz)A\rƎSz\\_n{c9&5©S/fϞ\Zoݻxk뮻o=!!n_p˖_n-{/|o,rh&{GapK~.O]w{!!;ˀ\n!!\n!!\n!!$eG\0>\0zڧ	$0\0\0\0\0IENDB`'),(61,23,'PNG\r\n\Z\n\0\0\0\rIHDR\0\0X\0\0X\0\0\01\0\02vIDATx	p\\{Q$dra(I23!ԥJM2ssU+^1/261ް\rcml#\",8pFqaPtu=BQ>id-~KVsv\0\0!\0!ȑ#˗!~7nB\04#GO7|ĉpz	._.--YsWoҮ.?i}Iu#<f̘k69xRp9yd6ߥ%\\ =#m_Yɤޑo\r7wˇ_+bjToۿ[OgTa*q̕LWa_0rÆ{oƍwC8BJ}_|<OӱHl>-%|_0a3g:\rΛ7o|ӦM{wwW^yG?QI[Noߗ^zu&Ǐ?ai	GY;mbFMM}¿3gvޚ_JF޼ys;#5~/o8p`FO<M|~n#O6\na*	w}\nG\"ܾ}{ۏ37!ܿ;3N֭K!rbӅ_$ο]#	abjw\nӍ7/}KaaV~doB\"k_8_}~o޸<xiPSܹs|ȑη3ϼT輟|5Dޭ***>G---M?T;_D;ݭr]I\ZnݺȻowa/$nΞ=;nO<ݻooȚ_JF?&1%%%yGĎ~)WxStrDE(	tq/8{luUSI؜g}{0Y|ww<sAFF\\\rqukWkaw.DW)&\Z&ovA-0ey7P#F}#o{\r7$2wuͻяDwKr7E\'7N;:uꮻzz^4an4\naJ*..w/˱SIcY;I>UV!׭]|ΓO>ٽtM1=~ƽ},Nkoԧ麷]]GB_RHd.{޽(wdo>өEu~$ظqc~N#G_5vK۰aCW70uhBֹ=~ƽv+9!Fwf+\\We׼+):qtw/r^QիWGN{g/]t|I7BQ[[dɒ_]\\_z#aLd7KFV2nGIp4ݯ~mxM5Jۼw՛\"\Z[o-o[QQeo~!)`ĉ]#$\"IGε^J;K3M:xe<݃]4	_AѮ.\'ڵ0kD\\WoҮNaSH<smݹ_ݻoDO\Z}\0]W]RzSD裏}2lذ	wCz^dPA%{d%w<~|ﷹ!z6vdm\'?~ǰUw:\\#\Z9uhn\\{bzx;rVBGM)ß\Z/\'7Bl;.QaLDWݟkvrPh,oߞM\"!iiߕW_t7?EcO҄l!Ckt1v?ؼ[#A^{)S_.mCVuK<[NQQ7p3~\'-7i7v.ow	|Ğ!ՍF[_h?c߽5g|ͻ@npя~tEOv\'O-<BE+M\"!BH QRbSF\n!sÞtYYY`Z\nh){#?6,nZԽB}Oַy0u)<uod?@	\0Hk[n,;v\0җ B\n!\0B(\0 B\n!\0B\0B\0B\0B\0B\0B\0B\0B\0B\0B\0B\0B\0B\0B\0B\0B\0B\0B\0B\0B\0B\0B\0B\0B\0B\0B\0B\0B\0B\0B\0B\0B\0B\0B\0B\0B\0B\0B\0B\0B\0B\0B\0B\0B\0B\n!\0B(\0 B\n!\0B(\0 \0 \0 \0 \0 \0 \0 \0 \0 \0 \0 \0 \0 \0 \0 \0 \0 \0 \0 \0 \0 \0 \0 \0 \0 \0 \0 \0 \0 \0 \0 \0 \0 \0 \0 \0 \0 \0 \0 \0 \0 \0 \0 \0 \0 \0 B\n!\0B(\0 B\0B\0B\0B\0B\0B\0B\0B\0B\0B\0B\0B\0B\0B\0B\0B\0B\0B\0B\0B\0B\0B\0B\0B\0B\0B\0B\0B\0B\0B\0B\0B\0B\0B\0B\0BHBӇMO=Uqc#XQ]tGc9s\"cix7|k֜ؼǫ}ȑ!$[~ۚÇ?DOZ?}zIa_1vlȑC6\ZO~!\Z\r_{vĈG:1nG:pܒMoZ?/ԕW>LQNNS=:u$1{L)X l;BO?+׮-^4ƌN^h8v	/.^ݵoBk|=V4~}}{X¸:]=jTܹ֕[;~ py-UY|y\'ǎ:7*!C?>oٲ͛+KJB!K_zŋ\'O>3bDKƎG\n?ի^~?ӯ!B2Zk]ݩ͛f.4_!-bkמ/<\n!=@ԩգFK=~ӣG/]z|ǎZw\rPIs-WaYｷ_$!-ɓW\n!}SkO$[yKU{6!?J\'L;?Y#iy.BHU|pjsVsOMF>У]UB*%jg\Z35!|ʔCkמvB!ujǎͫ92B!SZo뎆B2=x03#FJWR.qjҤ[]!dpxQVVJMF͟_ggkC&`S7ї*zʒ\"?*n=<}zC?/vvQ/^}!Swءﯼ瞔NHz0rt].\\ΉBjmj*Yzuq_@nnśo\"[Η0T;/4CBUw`&wWz[W2iRk#OϖjJw[zhG|a3#!s{	!\\۶Oϗ-#FY9D{.ή\Z3&];!PZt!?yuÆw>M\\KK;6B	رw^LƆ0rt^!h+ph0rCr6)BPWgɒGʜ\nfT#`Ѣv/+ۻ`A}?q&teԩyv!?;wtyPPè>֭!ڵdҤ֔}%!X&*v;63K!yРk644B2OK)	ᕜJfM]]!$>X *rs]bYN<X>voxA!32	!x!$nܨB؟sy	BHݾ=G[dB=\"쳵#G+\\_nJyƕB5ϬXBQqpĉw!L|\\<x#x6tP}Xifv!:Gr!sӅ{n!sdedia7&L3&y`ʅJtfڴW_M!CWdP{j7f2J{1cLB؃T~#Mn!qfĈu>dCIjｗhY[{c?~ڵ64MN^Μo>\ZBH*x晳^eP{ՋW!$SJ<4(?8|e˼r!BHrinn>|yk煰o^VZBH֭\Z¾ϛBdQ]VvzxSh2$w_6@?(Z|e!ql˗{	_~Vm\'\Z,ؾ}!ߜBarƈZZZW0aӧ/[Ӑ\"􃂟0	._i&$BHjhh(u&(,)++a\"\'B<c˼y9993&BH_~{T&xoذeKٳ\'=fdf\n7fMM-!wU{5\naAr?q^!?9Ws<yr=O8aSE-eG4\rf¤/^rf[+BHL	7iAA\r!商6\na__bz,BHOjnn.5\na>6[|U\naaϞ=kEūWa0U\"1cLB*5ٵ_PnUSk93ܶw\"\\\'OsUSk4G\nl!Wl.4~y:d+F龆4\na*7Ǎ7]S}/:d)USt<nGږB㣧~Q3cFde*+\'O6\naaXKR tSd0ǆSO٢BxNiTS}6iҋ<\ZBHjQ!L2hЃٮB o6s|UVڴBr\na	\"GG+++m!	)8|؋.	a:]vٺBrxfSrhvv\nB.ĲeN!LQ6~|\nB.iXS+f_<:sN۸\n!f\nSXpadf.BH.\\PqISo>=²2[\n!z{ߨ92B\n!)8zu@ȹ999---6v!B:O.0mbf޼NaUU]v_t):N	a~~]vTTT=t):8bD$ׯqW_pPӥh80r5(Pi_J!LvѢHmB(\\hV5kV$rgV:SF}}&B!$^qqqԩ&J!LQ7lX$ٮ&B!p`X2Og\"0ƪHKJJlB(YO̝	/`B!c\r\r\r\'6m2E\na&NpժU}!B>v+LB	Wc.Dss_4͚e:q48s_xr5!̬\'Z$\'N͏B9ŋ#!˳={LB8k.\n!>Q3gl??uPlffSo{5!B>r39\na}ӧGO=wI@0ӝ>}LNQ3gN\rauuI@0ӕכ0o\'\Z\n\na+..nLBP3GI&G!̜Q?th4.%B!b79\naA!t)\n!Chr̻#mfB!B!\r5kLB(W^1-\naeK\n!LBi#1	\n\na_B(BhZB!DP~L677PhdnB(Bhf4!\r#E#CB(BȟCz#\\G(B(,#B(\\fFCB!N`f42g4\naF+**j9hd8ݱ!lmm5fzobd=Ć$ B(&G#sɱcP?:jȜI\\rI@0To`r42g<9\ZכP3]SSS&G#sӳgGCm6\n!>ȜP}LFՋECw^3\n!g>t@O.3fȄqag.))1aiiiŦH#ۣF^DXUUeB!ӧO׬[g42asaPSScB!Æ۶\"LΜPia]LF&\r1Nzm!B>Vp)Ȅp)[l5K\Z=Z| ?oB!cM(92¢\"۾\n!;{l&J#1OTVVPXsssSO(OΙsPyp~9gdgg;eTK|xJ#]GNB!$^EEŹMFӣGǆ0//V/B%?Hױoƌ8qV/BH^Ȍ!t\n!W[G0c\Z7Z̎y+VޅPiGUU+W4\'ƍ4	Ҿ.ln4o=;6Ŷw!Bڗl4l\\A9s.BH\nf2o\Z4}wl/_bcB!}\'֮5u\Zi{챥ҙ<c4i2\n!)((h\Z?ih2$5:\n!9F]~m\\۽jX{qCP^~ds~ذ6p!B.cFTMʕ+\n!*y%W>Vfe9.MNj6\Z;5j!R&S#u9sb+j*EBu(󩑊c^w)8z\Z!k\Z\Z\ZNmhJ5Rq2%hmm\Z!ʎ1\Z84m۶ٜBӵU\ZգG?pqǏۜBd.Zc˼yͽpm!***,0\Z2Ύl2NA\"O?mz5Rel;74GryQ#E\\t˖-.DR%۶d;gώ	#NaôiY#GݰaٗVpӦMvBzFKKKZ#vm!=7<Rh$h:t٥zrQ)tKb;())\"sdvuօ?l!=g?3\Z6/X;XVVfkE555+Wy\Z;6Vjnn\"[\r3\Z0ZNES\r\r\r6|A\"􅂼3;\Zd\"\"|Of$k޽GΜ9SpW5*	ղl!}#F#;ך6o6)}?~6cF\\WXeBAuuuҥe/ѣ^t08q!:4j<hP7m	B\0\'0A}3yrBSMMMqn9Q6~|ۃEEEAW˵^W\\0ydSO5\rn6zzՋU0\'\'ǅ!I>oFS7Kxrmdt+Fώc?ݻEIF%1mԨ6C+Wljj!$Cw7z葇Wfe^ƆZZZl5W86ϛ!ڵ-ʍn g\r\"Ͽc677~1n\\kWZƲq!ꪪ׳FWG՘1m*}BHxfٍGh{ח@Ia%R׌/ȽϷ)!qeMλv!$M˫Fm/mB3rhW{#F\nYpi{Kxq	4Tr@1f#2\ZY޾``}}!$=bر\Z`\n{vLnnnmm-!$:TqJWJ<v#<{m!$~HIzݻnzAD,^{ȴiizv;fʕD\r!$3Td.렂ΎAPo֖E~a}ӧ}M9ΎAh%K~g柘;.]fBicNNSIIDWwheZ[[_3\r\'N\rv잏%^:xpuÆIH\ZӦewjL5%BhohV֯GHRw4\riv]ZZ~BgΜ9jٲӧ;LԘ19]reuu{8BظyWQśRЎ4ྍBZ[[\n\n,Z?yq\r=%vB?e[^^B544{ʬ05L5^M)bӦMGg.{,3Lj\Z	zҙ3g֯_s;̩waIԸ\"F^^^x$+)ǱNN)cB]6m\ns/N}3\r2oyDk\n\"wK<1wnB{yР}3f,8999.@555Y9-M \n.Bܹs۶m3sx2N+{\'p;<Yc!$uօ9n?{Tܒ8dȮY:O5kN<KrssLlɒ6i҅0w={Y	),,t^(Bɫ)???%K6,Xgsw-_y&Þ8!p0w|(oѢ\'=1n\\/M6\Z3Zک˗=z4ܤW!aQQʕ+#Co7o̙5*C2hPѤIt`Ŋft_B!Y&:GNy~z\n/ƍ{|޼;=\Z}]\"VZ[[wyɋ-^/E&޿ L\'N@Vmmm^^^h7ΟǍk:4\rBw2eÂ=@ٳgCB.\\;v\n?*cΜӧ\Z36ĉOϞrľ^RKD!C\0?~\nIhۉn7/)OxvĈze\naXF~iʔ-UNgyaJKK!BXccc\'E\\\\<7yѣ}{!;|sxʔúa2˺Ro!B谈/B<x񊬬<1oޮY9)OX3rdС>v׺a\Z3ĸqN}j\'\rᬬU{п+dɢKW6R狊vwr{[$w0V/Zf0?\'v.>/OĖD]XXX[[S.ᇯW2.ކBĉaOq>Mw󝥽`ݺu?|YYo O?sM7ۗ=`SU%2-OT$BfVHN-[x!\\|y={\n\n\nN<VƕGk⫮*p	Gk!n\Zϟ?ԩݻ7lY;&VڴiSh^~~~IIIΝHish76|;B!4}&MTFر>Γ\\\'|暿ZY#}֡o\Z/xW^[+@|ԍ!2GGo1[ߺ5%vȺW%e7~u]y!0\rC;y77uԌرWҗC),(X}\rx߄~wN{wqqjػBwk5oа#F5\\z/mCxե氵(%ƎХń	cgPDv!-!*7tC}kkx\"_|aͳMƌ?ٸqf7jwv!a|+7ֆO]營ׇ\nF_ލ=0ZZ^g?\'\n!@\Z^y)0.я|SG\\<D\"JegG-n-jw=/	F,B!j>?緢	{Wa+6ݰ7v-_IQݫ	.\'3_hbv=gƭUGo_!]zX1]B!awnF>*>2ow]w_~ᶏ]_pua	5˷Ϗ>v!a_^\"!l֭;1:Yo~5\0U{DZ>Bփ+\0p\r!H.Zt9M4޸^!Hqa+#\0)<W&܆B\0B\0B\0B\0B\0B\0B\0B\0B\0B\0B\0B\0B\0B\0B\0B\0B\0B\0B\0B\0B\0B\0B\n!\0B(\0 B\n!\0B(\0\0!\0!\0!\0!\0!\0!\0!\0!\0!\0!\0!\0!\0!\0!\0!\0!\0!\0!\0!\0!\0!\0!\0!\0!\0!\0!\0!\0!\0!\0!\0!\0!\0!\0!\0!\0!\0!\0!\0!\0!\0!\0!\0!\0!@\0!B\0PB!@\0!B\0PB\0B\0B\0B\0B\0B\0B\0B\0B\0B\0B\0B\0B\0B\0B\0B\0B\0B\0B\0B\0B\0B\0B\0B\0B\0B\0B\0B\0B\0B\0B\0B\0B\0B\0B\0B\0B\0B\0B\0B\0B\0B\0B\0B\0B\0PB!@\0!!\0˄\02 \0 \0 \0 x㍷H2➉B_qzLg\"w!tQpBPAA3O馛7`*BB2np׮]kÿ% db{o|\'E* U;Vm[ަMw9sݙرc!]gM?{s}~u%_~muo97;#\"O!ӟJrs+ß$2N=P_җ9v}ټysJ/rn}7v(!>dl?nƍ555m}1c g?v\"C8:$#	k\ZvG=.馛]Z>3솆=ڝ;wƮƍÚ|_++xC;Z>qA\rB?EU1eJAAA4}{W;vl}>\'Nߟ\'6lt+xMޘ1cFd3xq߱݅ڵ+]ۥE>2eJKKKHwޙ>!T0ZvUmt !ΜNd%FGlnn[q\Z뮻._\re\ncǎ}v=҂/~Ohhh]ѵ~B |Οԧ{BBNGz\rFDl?:,\ZN\"mD+_J\'mvvפ$a3U!D?Cxyp۶GayyyOѥBîe;vqL>##c;ZZO䛆\'vuF=FB0(Yqc=?_o:u_ƍzl3fb֬Y#8|21ȩ1w;#ܺukC]xGK6mZA9s$v~-x׿\n!BI[7o.xᅸ}Pn-4nXzuQVtZչk{;kk_u]=9B;>xمw/rx]Ty84zر[n%,SB&ۅzpOBS*.\\AB!DAB!DAI3B\0H1?fX_\0\0\0\0IENDB`'),(62,23,'PNG\r\n\Z\n\0\0\0\rIHDR\0\0X\0\0X\0\0\01\0\0/?IDATxlTHQ>٤vPTeWնio# B!!8v\\qʺ.uqSq\\e~acc`>Ecg<f|3眹w\0n\0 \0 \0 \0 \0 $\Z=z]wuӟ˿˩SVUUEp̙{7z>6 ?ާ[ei_o\0YYY_?}ՠAn܃3~x\"BOOnsܹs7#t~n?!\rzL+#}y!BHb}[?sB8PP	Ox]w#p`	!ָ#̋/UO>d;;NCpo|:>O2%̛=]Ͼ{a&fzwcN_[.~zdw;a{O8lׇ㏜9sn9\Z7nܝw	&}\nҥK#W?͛7g-?>/ \\|3u˯3s͇!$!9\\2L\"|s]?xK6iҤWSL?B/D.\Z4(^[Bؿ鸝9\\O~c{uD#ng0ew]җ_2+Y)z\"ep9|_B,fAt_WTcyHB;-أG>uT\ZMg}m~O;#eUUUQQQrf?42_Uo[O3utOKa--90e?oܸ1\r>Ñ/êvrܹ/Êx!ko+v~]]]a4;v,|rΜ9{tvt_Wt]CC_C7˿\\sUc,Yt54Lu^&*==ݷn?.B6vx;ѻ\'{cc|H+++#ZyHEǆvFkSTO}+**\"	،Nbtvt_Ww{<=!E_SLܱ&Me*	kr]X+Vt\rw!߷n=<sOs?It.5!ux m];=ݽnogt@RPVVhѢ7[nlw[PPY;8uԿw\\6oI?G}?Fю7>wN_FW:}͸{+W{,	?g}6r\'ǶۧC[)׭[k4:]Mȏ#uuu]?u?qDX[M$}܍ȗa%;^C˯~[k#ԄU5\Z\Z!(\\!z#oEVt<nnkN73{!EGSN@0t(_Ѭ8a׍HuX9tet߷NwD֧xe(Ǎ>}\ratp{oh]s]/u:dʔ)w\Z}m}_{y{a,)BHB\n wzk0G_III:_ף>ӻ^Ӝoˏw2r~7߷&o\\v:.Gm>5!Q5;=z*n[*`^z饎^\'byHBfWzUaSwe¢\rSO#xrt/nuN	_{ｑ;sƌ-Nǡw<V{w;EEE7rOj_~v.k-_9e{ڥK\Z4(zѰJ9e\"\n+}r?;=x@5RRxQէn\">zv!E!B֤ʢq;)B)C1bDb=ny!Eָc7Wsp;{w>R\0ndsBgϞ+\0\0!B\0PB!@\0!B\0PB\0B\0B\0B\0B\0B\0B\0B\0B\0B\0B\0B\0B\0B\0B\0B\0B\0B\0B\0B\0B\0B\0B\0B\0B\0B\0B\0B\0B\0B\0B\0B\0B\0B\0B\0B\0B\0B\0B\0B\0B\0B\0B\0B\0B\0PB!@\0!B\0PB!@\0!\0!\0!\0!\0!\0!\0!\0!\0!\0!\0!\0!\0!\0!\0!\0!\0!\0!\0!\0!\0!\0!\0!\0!\0!\0!\0!\0!\0!\0!\0!\0!\0!\0!\0!\0!\0!\0!\0!\0!\0!\0!\0!\0!\0!@\0!B\0PB!@\0!B\0cBյ-ߺd͚U\n\n-pddΛ|}+_v\':tS>Y@!ޚ5\'Oy+OK+6-ɓ+&L=q!CݎWgkGzg̘&}x3g.\\X[m[ѣEx@&g)_0cǆbSzqyЋFOX0cFAFFE;vT]=E 0\Z/\r-˟=;\'wBu\r\\7rdŔ)^}jooB?|̖-E?pXk:t@uBiNWS<~ƍe5ҥ}JM8|Ma<lعɓ//޾\n!|?\'[pFݾ\raΘ1yzݺ^j#BHJkoh8}{ܹӦݪv,bܹ6\\O\n!)c}`1cnIny##/lٙ={4B!$ɵ~\'y|Ķ[ڿ8	a\">pZ+.G͟9nxO0:jG[pA!G,29!B-C=d.BHT|p~߾W\'[A(gҎ?;UU^P!$Rv>:wq8hg8aj/.9^3zt%Bf<qco{!˟;Qҕad6`ΦK!xtLQffBlMF6-XPz𠳵!p7g{̔)m	\raV,)q!BFΝ\'Қnyǌ9nŚ\Z/Hn78dI	adKiy_|ً!dڂoUR_RrdD/4EBU?|t/WmX2mZҬ&k#g_Be-B\"ӟYbr&q#b瞳C)B]iiyl!}ԏ\ZupݺK>!p:+jܸdD҇0Cieg~cgܹ\r#F$w>O/zᅶ6/lbRgٳo\rad3u|!BW\'ad3ɕ+ۛ!\\nh8t;cƤNS*QhQIAW;B՗hL\naLGV̜#+ByyRMA!a;w:7)B:ɴi	9JBݴ\"*쩘0!5K!uȐ6455YBRԹݻ/$G)	J~}CC!$nْj;\naODnCBR-[$Bؿqt\n!\'S0	!xeJ-DI-[4^ɩ $ݻS<Bx=\"$g=D/ϯZBdS3؏xf*\"$\'+N5aС{֬q6dPfمqx\"$7aFQv!$Kffٴp@SzKBHi>lCMBx\'5W,S!	u\Z{+++-V!	7-x@ņ%KhjٳB8QWhii!ĵ[Ȭ-7b<yӆ\r4udժ;\rΙsa\ZBH*xZ2(7ug?!ĝK5(7~vU˗Bz:;ݱBxs>׮]k!q$No\r\nO{!$^T]<,7s4\rxs Bȭ(ZdyYoxclr儢Bx挌ݻw[BnUUU>qWo݈9KZBnUBxkii˗/w\ZR[G?w!33mfDJ##1\'N|tҲ2&BS>z^gHO	Y6Bnwf4\naGXt-!7eup3#\"XviDӮh2$wɒ0B͹ByY*BȍRvTˈ&\\!ūWnmm\"ܐB!-((\"3/CZ!W-^hEH%Y!Lb2A!L%K[[[kE֙a0Qơ4+!a8ӫ&hzLaVVV]]!d\0lhn\Z	,!¹suǛX0FӰa+S`)F.eU0Ƕ{qK1BH555UXaJDoNl\"_ÆR0Aǚ>}ڲb\'LBّK4BHl>d*;\ZGxtRIO%v32w^K4BH4441\naWM[v3!M+i\ZDmCu4//ryvC09]ݢ\na)S\"[G+++-!1)8y҇.	a2[BbrrvS&quhVV\nBN!LQ6yrd\nBeS&\'f]:o>˸\n!אf\nS&ظpadb.BH._\\uISoNK̒.BHޙ7Ϥ)7jFD\'BHo\nNn<ؤ)I9r~f}NNN[[]BӦK!LS̤GV\n,B(t̆\rK!LqzH-B(tܹK!LQ\"!ܴi]ʕMB}фB!{+0ǆE\"!,//	E;w(0Gz!B>Ҟ2B6\n!̜i\r#FDBhB!B>W5Q\naҏ/s\n!Pp)RSǎĂ/B:xjH9bB!#MMMgm3E\na*3gFBvZ˾\n!pBͪUH!L	}/BȇJJJZy))hpE\n!rr5!L}³gZPP/0uGBgB!C08~\n!W7&G!LuH7nhB!Jsss&G!LSo;њ\n!ز(3EwtI@0]pbNQSgN\rauuI@0Օ70/Ə$ Bꊋ|\01&!TD0mQSg4\rC	P\Z#MB:uȐhJ(B0]vPP0uC~z\naʇMBjcҥB(B!<q´(6r?>vNNI@PPS7>\niQ!B!4n(tg< B(fF#uChB!B3!lO2-\Z6V\n\n!~|\n\"FJYFP\Z¡C͌\"B!2hh6cB()}::< BH;$ B(YY&G#uƹ	P?]hi\n^$ Bjjj7o69\Z3NO\rMLB(ln:sFCk.\n!W\n}hx\"##\ZB\n!WCxHnѢh:dB!JK/<\0B(\\≠qG#C;q BȕҖŋMF*wƌxaUU@+.\\ٸixAAMM@+MMMgw2E\Z03PmMF*um!B>Rp)Hx]FwaB!#W7K\Z=~v޲/BG[.4Q\Z=~=zt7,B(|rv*++-B(|h^y:ҥK}!B:M&J#uʲ˨\n!PPPpeDseЎvB!K٦K#Yǅc;0//R/B\'466y)ӥCxYK\n!]`B#5>О2B(W^i5ʌi$h<8ç/Z.BH7Yڤi$8;iRAӝ\n!ݻ|r&M#ƾs;.BH^|СM#Fn#/Z؅P^aaa#7d\Z=Աmmmv!BWWWwvSħ=x%]ޜ|SLc\'(++қɓ͞Fra:~a`1B!7\Zɺ]tӦMq!B-c\'?~.Bȵ}ӧCD#Ft.Z]]mB!\Z\Z\Zlb\Z5}5cW^3PUɉ7}̴]!Ο?ߜe&5w3f2EBMFuڵkmE1çF\"Cfwܥjijj:u)HqzƌNE,!}Vv)Hı擻ڵ.\\[جj$֨;On=s!J7\Z5vw`nn˗-!TQQѐan5eԎ\Zl2vA.?HsN<zu̩G=;>rZ[[Kv2\Z?͝iu\"20+Mfgx\r#Fd}۶m:20Jv6\Z:X^^nE0eB#nG?y젓\"JG{?yb2***-2\Zx\'W7nt\"ȴkؔiuҊrCT^m5glN\\vmkk!F)<vm}/(BMTy)؈t BPfa֎a:2TWW[BBn|\']3x\"$/^Z\\lܲO3	ղ\Z\Z\Z,!7OɓG[Ln}d| BZ}IٸGgwU|=B-P]]]lyٸر>t08{!?~eqsF!]ܶm!\rzmܜɵ-!RMMMqn9ڸѣlE,!^K/B`vü<2!޽-#GtĺE:U0\'\'ǁ!q1oVSqsprmxT[[[jYɏv(zEBQIa/g6w5\ZGի[ZZ,n!qk7ՙ]!į;vu/n6x82 BHb9\'lnodҤί]6eBIUUefӍq㲺T0++ŋ+Sgyn>~;jTD}BH+yJg_3b>X\"wɒϷ(!$I5&s;$BqyЮvY!IⵣG=ڌot[5UpӦM T^?vn(ѩ.\\>\\!$	=Z=n߈av.*hyAIN/X9a[WWgIAImǏWL)~Ě.`mme!$vTiz㽇xADI-oYT!Fرݞ;fNr͛s*Rgt=T1!)ꭷڱhQ/Lq8-gJDwBHJ{6/]KIϚj\"lDJKK֜r&IDuhcA#7mќ9CGҌsǯn`߾}^!|cǶ/X0b$8:kVVwyyy>S!Odf|x!I2lضM`VVVii9Bx_HK4qrzzjpyaƇ7%ޡ=#ik!X_(tȑ=\Z>}G\"rs/XP{=[^^B555W0Z5sxwm6#00\n?薌8øpsf|H 0.^iӦ%K̛X[:\nM[îx\"0\ZF^^^XXyzƌv[JoŶ^v1!Xuuu۶mse\'\r#FHOb\"LAnުaiiinnnҥO͟_=vPݸ:dٳbH p9r$++k%aeހ8kVNo)!J.]ڵkWW\\Dحt?C\'=FNc[(B񢪪jƍavk,(81wYv=q{ߚ\r#\'pΝstB%EEEa^t^6СBx͝/!Ғaҥ32Ιs顇I/Xp<y҉BH/_9sG-zj&8	a!?={Mf^egg>}:<^W!$aQQի#ŋw31cR9mCM==AUVk	!VZZ~١[y*?4n~BH*ć-^|KxC{0!={VBHZuuuyyyѷEܺ`3s瞙4i${=tjƌZR˗\nC\0:o3oiiǍAG_ܠ6ԩ?;wyIa-9z#!p̙{$tĆ5SkG\ZOر\'fر`AYmTB!477RAaMk-yӧ_;Q°W9~3\n挌pg|qP\"VVV9r$zEOV.^*3sSFSy9sNϘԩ5G7c/!qm1qNtl̽s>5~gf>E8tPEE]K-[n,[)*닊iktia[halY`v4\rW{lvlEnyʲeiWj\\}ROMMٳgÚMz|\ZZvlܸ/++{w|:޸hЎ:ِ\0	kZ!9;v0;;;ΝwƑBxFZژW_}W\\__G:t(,Y=;k׮ݶm[h^~~~III.]HB(BxUMM;WM6bW]]oZCC\\\'boNvfޥoo}뫷?˯AOyޜq=I;|8+\\7~&z:5{t:u_gs%~cVk[[nz,><Y3m̘F3hߞ;;\\s}wǲFt\Z}B`L0aOŔ)C;%6 ЏP0ͯtmL_pлXnW7+:۷?2kg`9׹i4r	?S\ZaZoE/>Eִ1ȗ\'Nt/}zuSFy0t\n!9!l\"]ӲoߢADVªol1u{׿LWW}B\0!s_z;#{_5;aq޼r-	a=|9ܫo}oM0FO!֎KB =_\\3ƀ%!BgBTeϛicRyL(\0),U eS_!\0!\0!\0!\0!\0!\0!\0!\0!\0!\0!\0!\0!\0!\0!\0!\0!\0!\0!\0!\0!\0!\0!\0!\0!\0!\0!\0!\0!\0!\0!\0!\0!\0!\0!@\0!B\0PB!@\0!B\0c B\n!\0B(\0 B\n!\0B(\0!\0!\0!\0!\0!\0!\0!\0!\0!\0!\0!\0!\0!\0!\0!\0!\0!\0!\0!\0!\0!\0!\0!\0!\0!\0!\0!\0!\0!\0!\0!\0!\0!\0!\0!\0!\0d ]#\0R\0!\0!\0!\0!d믿uB/p资BбOBB!!!BBB!!!BBB!!aoڕm[/^.ܸ\\VTT|[ߺﾪ*!D!BߗV?+WZҬ]-s=(!$[k~c?j֭555&_rX7:uTOY-\\;N:\ny7o+߻woh֭g//|]wE׿Å7_d!daQFF\n~8f(((4駧D{е.SN\r\n^|Yfuйp/1cF[[[HAtٳo.ڵk.dgg?BB9݄pN~5xg?/|]R^^}7zE=]3qСBoX5[B?OuP!D!5ҺƲJUPNEiii?eVBªa=c]/H2QaSڅ!da{vu}0>Epvk	/\'\'رcկ$u5k֌7.Ƹi{!$mMM\nnRR\\eԩU80hРp̎g>SUU:k֬\nΝ;6_#+kVg!$?YΝ۷9i]O}z5}kϟTN+^/wV\"x≁\n~{,og(s=6xBBrBrN8ia\\qPB+g>=/ݸ{(!s\n!!\n!!$H^K!\0$+&\0\0\0\0IENDB`'),(63,23,'PNG\r\n\Z\n\0\0\0\rIHDR\0\0X\0\0X\0\0\01\0\04cIDATxPqgR499=mڜLfΜ4Wۤ\'朓ɤi󝜶.\"((\"\"*^0EAdAB(%B*JC7=ͺŅLqe\0-!\0\0B\0\0!\0`,_///B\0ƍ/?/>!\0>>>/^p>SOhn֖de/7u}6!5sc\\\\!R(@~M7;Bs  {#-[fh.s\nvoDsĉwl߾]̃>=LIf?=XPP|7d2SO=%###]f@48#%KۋVWW}H7C=ͿG=wǰ\rS?AgO6~֭_\\t)q!#4)抹̔TOܹS...&,  @fb&E;&}K/I)澙}ӟL3O}1e̾xbO~\'p)wğKcgg(jϥh!4!#KHH}||oooyu>h\"===&~---(>я~~ff,+>$Cb+x\'}H/,,(~|044TXj?IqChs3멢(w#s./[;477BS+B821YOD\'++kҥ.\\Ēi\ZbԬUDE^T\rc &xG@t^3htO5vuuIצoע?\Z|\"\rcw̬/la4`!kjj\n\n\nNN=ͬ-Vr/(Xlկ~%,B7|M6w1vHuٽ㡇gL3n3\\ψ$B>V p)))ӿ&H/o7Q(ӧjA[l1wҗqoa}EQob1vkT<}E:113\\3!UʂwivI_2JV^9;IZsMo/EWjyf}JwKXH|Hu3̸0熱\\NF;::fB<V cyO>裏sojjҜZ~Kdy%j/ɓ\'ul_eEQs	vGy{	܇j:w5c3Lynx4wGmsYД\nL,tvhnL7|K4K!L=o\Z\Zj쟛~n/*w3}36\'ﾚ>@|,Bb>pM^7Chsc;fϥYk^5EMy@-|gޱxb///9Ō ~;4w/ZH̉AAAƚ@\r^/YDZ.<frеU}^</kC:ΉBLW/:RҌ31s.H]ܟk!4!0c+캳mﶝ>V \0!4L[[[5/<#fm!@}λ<bVvXv`]Oҥ,oGǴݶ\n\0\0+p\0\0lڵk\n\0\0E\0\0!!\0BB\0 \0@	!\0B\0\0!\0\0@\0 \0\0B\0\0!\0\0\0\0B\0\0!\0\0@\0 \0\0B\0\0!\0\0\0\0B\0\0!\0\0@\0 \0\0B\0\0!\0\0\0\0B\0\0!\0\0@\0 \0\0B\0\0!\0\0\0\0B\0\0!\0\0@\0 \0\0B\0\0!\0\0\0\0B\0\0!\0\0@\0 \0\0B\0\0!$\0\0BH\0\0!!\0BB\0 \0@	!\0\0@\0 \0\0B\0\0!\0\0\0\0B\0\0!\0\0@\0 \0\0B\0\0!\0\0\0\0B\0\0!\0\0@\0 \0\0B\0\0!\0\0\0\0B\0\0!\0\0@\0 \0\0B\0\0!\0\0\0\0B\0\0!\0\0@\0 \0\0B\0\0!\0\0\0\0B\0\0!\0\0@\0 \0\0B\0\0!\0B\0\0!$\0\0BH\0\0!!\0BB\0 <F\0\0B\0\0!\0\0@\0 \0\0B\0\0!\0\0\0\0B\0\0!\0\0@\0 \0\0B\0\0!\0\0\0\0B\0\0!\0\0@\0 \0\0B\0\0!\0\0\0\0B\0\0!\0\0@\0 \0\0B\0\0!\0\0\0\0B\0\0!\0Gqcll~XΝ%%\ryy\rk4dd4(55nrWTt;627u-@WS|V(FwٰED-*!$n:[S)#76>\Zx(VV涔^=rdirt\0!|㕕}64&%)D\ZWjtsS\Z4cN3nn>>~~!!-[kkFFBĢF6mغbeR!mm		u_B`\'}\nswH(/\"1IǏ T}maa-syN33[vkkST!$=>XU\\ܙ	iqqQu3vqOKC\"B8?Wv&&օ*V	EKIi,.tIVd\0!$p\"Tmƈ:~!Ԍ>__EVV׮\0!$pp7nLuƞ\nl>=-116mjoj%SB[h\ZZuYY311{Աc}II5b	⢲f5;xvibB{wOBBucrqiJH8UR3\nnMm!bU]PsE[DDզMqbx96׷h/!rXX]QQO4B|=񧼽%B\n-.yg!`+ΜHN>re-tJV~!<j	j>;vrr\"!0wuIIsXX!uWyN󧦦W&:F*8T*yrskxXaCÝPA	Ur+Wxs鞄#Bi֗+o\nBXd~~C``#%!C(ͭ.\'jW[B2ΝONqP\Zm		5/jz֦#<!cƍ!!0K|2y&C(zߐq<gB<\nZ{?GJ34TQY*/o\n\njw:O<UX8׿!)׭w\n:OKfeq\r\ZB?JO?GBi4dMM<A]]npC	ft՟8Vyڃ_ku:mOoo[BܶwoSHHsViC(-wS۶	yZ_A3PˉQB8i7ov\n:y36ld\0!sQ*yyU񆂄Ǳ\\օ p\nMPABy\\κT:8*_~mlrrr*H/<f\rBB8,JiSs>!f\\vxx;B8p_v[\r!W=<OM<vf\\>11BgO5O˗\\둂:|;nzxTnBvROhh7:!=s\'!U`ZϸX}0[!hNN !8~y)BZ]PpM4N-2vdlY 5p !tu-NKq!ٳAA,A-<yymBBغ멩ۄp.倀mŜ\\B599iS36!76m\rp^g!GСYH;;;@Ý;:n\ZYBjhh/f&fiB8ogT*)BL{َvwqQ1EyUUULS &45]	L;\"ÆZh\'s5X${{;/633B@3>>dBh.\\ӧ?!,]Wj(!{e!h޷( .Уb+ł0|Nj=z4rgUW\\y\\銈\"2j/իۙ@<>7U4I@o~ڵc?B]ҵk޺uKƄкXTTvv6/y?^#]XBķzU|Fjӯm<SN\Z==ǘ	OOMݿ?S|#~ǾB3g6(\Z=ZrhR¹\rah-ZpjO?:kq|P(,<dI/.[Ƒ2$))//\0!!Jȫb/GLńкK2q9VKJZ4SXu%k[LȄкoLBHVssȼƽ)&dBhts2wZ0II\ZBRYTfl.!9QdZ&VŢВrl\'Սi֒%k9ZeL榧rs|Wf#[\'&A_^yffB8`LX3w_q&[Bhuiis/!,wEĢl .{zN2B*WիYT*Ֆ-M̱^Ɓ;{\ny{BXŋm$v3Ɨ/Ϻ(a!R۷70B\Z,\nAaL޳w͝E!W!ڵŅ	T(c+!\r\r\rYY.ِ.4B٫wwW2B;}4eBƍ̨~Ǿ;ʹqFZ\rBw0BޙWEl5̥GaraEE[4!311~}#)!Qq5!3DJ(rEkjjخAay]:(NJ!STl 0׮me\n%1}u&9w{):	w^ݻw/[7!L|b$hff88!$)~w$yh{{;8!$AWWWDo7AjάQBzn:(HI1!$Z.*R0mBU/b]LU߿-B5Io\\\\Kpf=!$09:(sN	!AHnB[BBvBg~~R	!!;	3i7%f!!;	3w&d\'JJAH|\'$H!b\'ka$=޽{QvBB]ݱL/:q		!!=\Z\Z<=LGnZ^6|BHÇAHbl{Z}ss3>!$Fy9B;^}lk[p!tq\"2R\na^^>!$ڵL)ކ\" @s?!$#&fI:ø	aOO?!$Ãw\'2֮^-͟Bvt#!tGe\'9B	3A,͟BVQA	2B6BHq[I	!$N4v=Pd )bN\"$N4EEiB822$@	-(hgz$3\r\nBHLyƥ@M/_$@	LЉF&L:QGBJX[[$@	kmm`z$3nnrN=!$jh	BtCB=BHA	SIBg7=!tu7n$@	fEHn^w[.3	BBH	!!t\nLBBH	!!!$..dPV3BBHupcBᨨpX=B&y\Z7QwǏ/_AAajj|77}%}}y8!!l{qY`ݦAA<v!!$\\YfnGoOlh+\r^YBB!tscbrST *BH	!\Z»OX}EIXaCjB	!!7x?BˎUkX[;GH	fzq^Bޱ(vjv!!tv}}}61=pˊٲ;.b\\\nT0++IBg744iS㬯zxsb\'h?.,L|&BHXYeYUk[8;ơhM!!ΝJhXտ.mv	ayy93\0!$$f\\]Z@{[e2M+**!!ԉд7N\n;E@{5!<z(3\0!$:s0B@k.4ZWW@	!\Z̐vŽ}\"2݁y}ff\0BH1ё5$3/Ȍف6>2\0bjppIR{w`Bpui|\no(BBC@	!&&&mka̗;a;11!d Nyy\\$z$&r}5BHa<=)#+cCJ&lk\r\r\r~~NzhL\"Y_ÏIW5ZNp!!$FWWWzӽqռĜ&;iuG{amm->!$hi]z}4;*\"JFgaGG>!$Zve\\)ОpHH >!$3/Xف:ҴBBo477L8{UBvk)!BV1cb%0PuQ%vءp݁Qdozzƾ8.\rB\'Mnd!f\'ק?;PЌ3vr!pw\'X(q7`{\'wݫ݁1a\'3nzx036L;\r\r\rl°z;<uuV13\r\r!!$NgggZڐo>	5qc]JN	!ߺK޽+6y|r&zYo{tBH1CNv(!//x)c\'NBB鴴ČxaL޹r%;qSj(9!$Dqq\r\\#t<\"݁ơh\nrQBHaGlԸؤ181ʤh\rB̬^uqQǇ+HfBgb|(AH	!L}utv+:\Z~nbg2gB\\YBVa2X:<RTΘϟt׳iBBS_?0&Mށ炃3500M	!p`|9Qu\Z=Lfƍ.\nB477GD(cwʎ]Ȱa2.6!622RZ2m?@Ɯ&966F\rB9RᡞMy<6U@&EA1K===}فz\\zVUfV̌/zU 5cFɀZ[[,7Svew cN:W0BJUYS#TqGfLށ&BS(\ZFf7/ˋ2gd޻0BXR4+zė3;3ml8Ls)4t},)fxv2s\\ʺ	1q!,c||ޔ݁U%k8;aQͯ6`{{;/!,f=AA6dfXpު|g䷿5k`~~Jb!(})K+¬͘{.kɒ7zBKKu7ի32¬4!D[[[RҨΕVF$\\]s=[_|e˴?ߵrrpW7n/SSg222dWsBRU%M>acs͘_E?L3[tV^[n1kBX^GGڵWCC37跊Ia!B(r(\ZFo9h{`߳gϊ)bNF%23>Z_\"7]<{jo=w}B̟Bfa-11IIIگTQ\"9XtC(w\\@TǿG	!U]MDD0úKܴ4i_bٲe|l&!<v,GϜ<_haAA//io/ttx2Xı\'gBH1&&&Lbcd3aiګN3??|ڱ~P\\ 2rYYYYKCO_(!k0cdAFW~K>֫\"gD/͛U?3&-wtBXG}U`XE{/+*gXjB̙\r/h>#>_yWQBnڱI1(9Y999!Gy󗚥n~;ciO)\'bB̟e|:C/C(*(n=k4B55j??fgƼ(*{Qt6vK!<q\"g;v,X~Aq3BHaFFF{0A3\\.M+B8־h<(;`FFHF_ztyAAb_ cfK~yQT[GGY+!jrra5c.Ƥ;WPyQttt7?Chogf(OHQT,@as\raȄ/~8BآFfXnt\\ &\'\';θ1ޮ́5Bخ*.Ƹvq٬w֠VB[P\\Tθ2%@_ذٜ1q$**S\0RRBQW[{Kr3f uu6+B[bc\n\nlP ?j23LzQZZZؚ@aT*Uվ}V`gL?>^\"P=2 o;vzy13||vOT߱oqKal> p=ɼ>>+u@-<T^Nqm#a!öpۛ0z}}SR+(ˇX@j;v}K	QCkAQA6B8~A@\0=pqy*\\~=!9yh;;^;F\Z!NBQ:8eAἮ\\Rru%=T..;dC8Fήwǚ5˗SGD,.. ؖ~xϯi\\;J^XB9iԄp#\nB:rX	tsV%\r\r\r<A.])53y$%ekXׅ{9T.!f6>>^ZZ]&A]e\\mLAALC<A3TWW\redc/ԨT* zzz~m4Qw\\/vttL!folllΝ\Z969Y^(**PB2Z[[%&~y1>kl`fff]]g\n$biNL͍YcQQ\\/F\0XB`999b~7,hyL6l2)/?~\\TD!viX^^~IIp~v^\nܑ`Paƍ===<?Ay\"kWޚGn|+>q\Zm||JL9?\\hYv<!An<@x+%BWJpL>w$0??SV$!7nrX^h(GpЉ0@4^!lJjhhɑ&ɧ\"\"ɛ)cddYYYAPBvMLL(iKMݙ+\"#7\'%MsRZSacc&Y[X ,O\'$L#P݂væB͜!%\".Ιnn-AA_Jô\n!^WW׶m۾y/=}sRWtuu]\nz\'&41qes8!hN:9FI(JJm\r_7$_;qR!*]{(t)9yW|??^&;/~wv.P(85p@S~{:<.tsZ.<pttyBfoCǏg	BHĞfeeDZ6lO|Ɛ^_	8O_2ݾj2YqRRLhBBHo-9Q))b+>PttMxHc߈ǜ\ZECC\"#mILO\\{vttpF<!!RTEEE3E()iLV &XTTuDDSpXu!n>mCN䐗hBC\r;)r?.<!L&+JN6qowʭ_ 0X?=zT2Wސ%)4181,!Oyq;ܔ:_yhh\0!,@T֖d؞|춶@9422ݭP(8PXX8iٶm[UUUkkk__!`4 ]|Y\ZLlYWw7mXV4C,BnQQ;D\rnsu% \0\0B\0\0!\0\0\0\0B\0\0!\0\0@\0 \0\0B\0\0!\0\0\0\0B\0\0!\0\0!!\0BB\0 \0@	!\0B\0\0!$\0\0BH\0\0\0B\0\0!\0\0@\0 \0\0B\0\0!\0\0\0\0B\0\0!\0\0@\0 \0\0B\0\0!\0\0\0\0B\0\0!\0\0@\0 \0\0B\0\0!\0\0\0\0B\0\0!\0\0@\0 \0\0B\0\0!\0\0\0\0B\0\0!\0\0@\0 \0\0B\0\0!\0\0\0\0B\0\0!\0\0@\0\0!!\0BB\0 \0@	!\0B\0\0!\0\0@\0 \0\0B\0\0!\0\0\0\0B\0\0!\0\0@\0 \0\0B\0\0!\0\0\0\0B\0\0!\0\0@\0 \0\0B\0\0!\0\0\0\0B\0\0!\0\0@\0 \0\0B\0\0!\0\0\0\0B\0\0!\0\0@\0 \0\0B\0\0!\0\0\0\0B\0\0!\0\0@\0 \0\0B\0\0!$\0\0BH\0\0!!\0BB\0 \0@	!\0\0@\0 \0\0B\0\0!\0\0\0\0B\0\0!\0\0@\0 \0\0B\0\0!\0\0\0\0B\0\0!\0B\0!\0\08B\0 \0\0B\0\0!\0\0C.\\H<<@[z*/X8xyցBNO  \0!$\0!!!!@	!@BHBH/^l*/+-?p````Sq{n?ϻŋMuԛ~W-Z\Z\Z`.~% ]𫯚+zK\Zݹ-s~sΉl/\ZW_M+WvݽSϷEbO>]v_6& ppn\n~~͛}*͗_xQ,DZ{챊\n\'@WfZ-ڽ{P()ֹb\'<ӟٳRtt/.++# 1)IGxBО\n\nD/,ȑ#w%%%⃭[d2ث\nhNU1aJͿ\"/BBB>BXc S?>99)>ȱ6\'/]N|?̙3X\'NZCtJ箊;.RtoBB0*J?߼y3++M,4\\xHXN壹z:ҔaTPܫ_]GyX\rODBG=x{Ǥ˗.]sO?TɀH^W6	6>1\\wf_cyyO<a,of\'2]BBY梢΀o*X\\Ԥ3x{zzD jӧ:wGR9͊:5,.njjֹXUWWKDX>h,+ߺUq^{;͛E-O8qBD{%X:rtO>)|0XVָuk\nwŋ?ODEޤ!@!4݁^}inpKr5BB8TyE+}4|O<I!!+BBB   ]g!\0\0vr\"4}\0\0\0\0IENDB`');
/*!40000 ALTER TABLE `statistic_picture` ENABLE KEYS */;
UNLOCK TABLES;
/*!40103 SET TIME_ZONE=@OLD_TIME_ZONE */;

/*!40101 SET SQL_MODE=@OLD_SQL_MODE */;
/*!40014 SET FOREIGN_KEY_CHECKS=@OLD_FOREIGN_KEY_CHECKS */;
/*!40014 SET UNIQUE_CHECKS=@OLD_UNIQUE_CHECKS */;
/*!40101 SET CHARACTER_SET_CLIENT=@OLD_CHARACTER_SET_CLIENT */;
/*!40101 SET CHARACTER_SET_RESULTS=@OLD_CHARACTER_SET_RESULTS */;
/*!40101 SET COLLATION_CONNECTION=@OLD_COLLATION_CONNECTION */;
/*!40111 SET SQL_NOTES=@OLD_SQL_NOTES */;

-- Dump completed on 2013-12-17 13:21:59
